ctime,schemaname,relname,seq_scan,seq_tup_read,idx_scan,idx_tup_fetch,n_tup_ins,n_tup_upd,n_tup_del,n_tup_hot_upd,n_live_tup,n_dead_tup,heap_blks_read,heap_blks_hit,idx_blks_read,idx_blks_hit,toast_blks_read,toast_blks_hit,tidx_blks_read,tidx_blks_hit
1416337364.98622,pg_catalog,pg_attrdef,0,0,0,0,0,0,0,0,0,0,0,0,0,0,0,0,0,0
1416337364.98622,pg_catalog,pg_db_role_setting,0,0,42732,0,0,0,0,0,0,0,0,0,130,42602,0,0,0,0
1416337364.98622,pg_catalog,pg_rowsecurity,0,0,0,0,0,0,0,0,0,0,0,0,0,0,,,,
1416337364.98622,pg_catalog,pg_description,0,0,1385,0,0,0,0,0,0,0,0,0,384,2701,0,0,0,0
1416337364.98622,pg_catalog,pg_foreign_data_wrapper,0,0,0,0,0,0,0,0,0,0,0,0,0,0,,,,
1416337364.98622,pg_catalog,pg_conversion,0,0,0,0,0,0,0,0,0,0,0,0,0,0,,,,
1416337364.98622,public,nation,13,50,42,42,25,0,0,0,25,0,1,45,2,49,,,,
1416337364.98622,pg_catalog,pg_class,3140,694816,243789,221666,543,177,543,171,337,48,3152,255866,2280,510375,,,,
1416337364.98622,pg_catalog,pg_opfamily,0,0,0,0,0,0,0,0,0,0,0,0,0,0,,,,
1416337364.98622,pg_catalog,pg_auth_members,0,0,0,0,0,0,0,0,0,0,0,0,0,0,,,,
1416337364.98622,pg_catalog,pg_operator,0,0,78644,415113,0,0,0,0,0,0,2202,286929,1942,170316,,,,
1416337364.98622,pg_toast,pg_toast_12345,0,0,0,0,0,0,0,0,0,0,0,0,0,0,,,,
1416337364.98622,public,part,8,12000000,26,26,2000000,0,0,0,2000000,0,79007,327741,10,108,,,,
1416337364.98622,pg_catalog,pg_attribute,726,4950,202262,458064,1948,50,1948,50,2514,12,7905,221846,1902,422605,,,,
1416337364.98622,pg_catalog,pg_tablespace,0,0,7187,7187,0,0,0,0,0,0,215,6972,443,13957,,,,
1416337364.98622,pg_catalog,pg_statistic,0,0,57072,55190,415,1206,418,1122,464,77,5706,53064,652,121862,13552,56472,507,49505
1416337364.98622,pg_catalog,pg_aggregate,0,0,5490,5490,0,0,0,0,0,0,401,5089,909,8652,,,,
1416337364.98622,pg_catalog,pg_inherits,0,0,315,0,0,0,0,0,0,0,0,0,134,181,,,,
1416337364.98622,pg_catalog,pg_enum,0,0,0,0,0,0,0,0,0,0,0,0,0,0,,,,
1416337364.98622,pg_toast,pg_toast_2396,0,0,0,0,0,0,0,0,0,0,0,0,0,0,,,,
1416337364.98622,pg_catalog,pg_pltemplate,0,0,0,0,0,0,0,0,0,0,0,0,0,0,,,,
1416337364.98622,pg_toast,pg_toast_2618,0,0,908,2900,0,0,0,0,0,0,515,597,154,1310,,,,
1416337364.98622,public,customer,10,9000000,28,28,1500000,0,0,0,1500000,0,68533,294885,10,114,,,,
1416337364.98622,pg_toast,pg_toast_3596,0,0,0,0,0,0,0,0,0,0,0,0,0,0,,,,
1416337364.98622,pg_toast,pg_toast_2606,0,0,0,0,0,0,0,0,0,0,0,0,0,0,,,,
1416337364.98622,pg_toast,pg_toast_2964,0,0,0,0,0,0,0,0,0,0,0,0,0,0,,,,
1416337364.98622,pg_toast,pg_toast_12330,0,0,0,0,0,0,0,0,0,0,0,0,0,0,,,,
1416337364.98622,pg_catalog,pg_database,858,3318,34655,34655,0,0,0,0,0,0,102,35411,592,55410,,,,
1416337364.98622,information_schema,sql_sizing_profiles,0,0,,,0,0,0,0,0,0,0,0,,,0,0,0,0
1416337364.98622,pg_toast,pg_toast_2620,0,0,0,0,0,0,0,0,0,0,0,0,0,0,,,,
1416337364.98622,pg_catalog,pg_depend,0,0,13031,14016,2395,0,2395,0,6685,1245,2343,16810,3327,33754,,,,
1416337364.98622,pg_catalog,pg_language,0,0,0,0,0,0,0,0,0,0,0,0,0,0,,,,
1416337364.98622,pg_toast,pg_toast_12320,0,0,0,0,0,0,0,0,0,0,0,0,0,0,,,,
1416337364.98622,pg_catalog,pg_amproc,132,264,44598,70311,0,0,0,0,0,0,216,43791,403,99145,,,,
1416337364.98622,pg_catalog,pg_collation,0,0,0,0,0,0,0,0,0,0,0,0,0,0,,,,
1416337364.98622,pg_catalog,pg_range,0,0,2470,0,0,0,0,0,0,0,0,0,944,3996,,,,
1416337364.98622,pg_toast,pg_toast_2609,0,0,0,0,0,0,0,0,0,0,0,0,0,0,,,,
1416337364.98622,pg_catalog,pg_opclass,132,132,61542,690274,0,0,0,0,0,0,483,274343,994,75141,,,,
1416337364.98622,information_schema,sql_packages,0,0,,,0,0,0,0,0,0,0,0,,,0,0,0,0
1416337364.98622,pg_catalog,pg_rewrite,0,0,2322,1791,177,0,177,0,111,10,1211,2172,561,3405,515,597,308,2620
1416337364.98622,pg_toast,pg_toast_1255,0,0,0,0,0,0,0,0,0,0,0,0,0,0,,,,
1416337364.98622,pg_catalog,pg_seclabel,0,0,1385,0,0,0,0,0,0,0,0,0,125,1260,0,0,0,0
1416337364.98622,pg_toast,pg_toast_12335,0,0,0,0,0,0,0,0,0,0,0,0,0,0,,,,
1416337364.98622,pg_catalog,pg_ts_parser,0,0,0,0,0,0,0,0,0,0,0,0,0,0,,,,
1416337364.98622,pg_catalog,pg_trigger,0,0,0,0,0,0,0,0,0,0,0,0,0,0,0,0,0,0
1416337364.98622,pg_toast,pg_toast_12340,0,0,0,0,0,0,0,0,0,0,0,0,0,0,,,,
1416337364.98622,pg_catalog,pg_shseclabel,0,0,0,0,0,0,0,0,0,0,0,0,0,0,,,,
1416337364.98622,pg_catalog,pg_event_trigger,0,0,505,0,0,0,0,0,0,0,0,0,146,359,,,,
1416337364.98622,information_schema,sql_features,0,0,,,0,0,0,0,0,0,0,0,,,0,0,0,0
1416337364.98622,information_schema,sql_languages,0,0,,,0,0,0,0,0,0,0,0,,,0,0,0,0
1416337364.98622,public,supplier,7,400000,42,42,100000,0,0,0,100000,0,2312,15690,6,108,,,,
1416337364.98622,pg_catalog,pg_foreign_table,0,0,0,0,0,0,0,0,0,0,0,0,0,0,,,,
1416337364.98622,pg_catalog,pg_extension,0,0,0,0,0,0,0,0,0,0,0,0,0,0,,,,
1416337364.98622,pg_catalog,pg_ts_config,0,0,0,0,0,0,0,0,0,0,0,0,0,0,,,,
1416337364.98622,pg_catalog,pg_shdescription,0,0,0,0,0,0,0,0,0,0,0,0,0,0,0,0,0,0
1416337364.98622,pg_catalog,pg_cast,0,0,341599,80934,0,0,0,0,0,0,462,80472,286,351030,,,,
1416337364.98622,pg_catalog,pg_amop,0,0,91410,133405,0,0,0,0,0,0,677,132728,1502,193227,,,,
1416337364.98622,pg_catalog,pg_user_mapping,0,0,0,0,0,0,0,0,0,0,0,0,0,0,,,,
1416337364.98622,pg_toast,pg_toast_12315,0,0,0,0,0,0,0,0,0,0,0,0,0,0,,,,
1416337364.98622,pg_catalog,pg_type,0,0,241417,239044,625,0,625,0,360,2,1589,240263,2363,496064,,,,
1416337364.98622,pg_catalog,pg_largeobject,0,0,0,0,0,0,0,0,0,0,0,0,0,0,,,,
1416337364.98622,public,region,6,10,8,8,5,0,0,0,5,0,1,11,2,9,,,,
1416337364.98622,information_schema,sql_parts,0,0,,,0,0,0,0,0,0,0,0,,,0,0,0,0
1416337364.98622,public,orders,10,60000000,30,30,15000000,0,0,0,15000000,0,504554,1558810,8,118,,,,
1416337364.98622,pg_catalog,pg_ts_config_map,0,0,0,0,0,0,0,0,0,0,0,0,0,0,,,,
1416337364.98622,pg_catalog,pg_largeobject_metadata,0,0,0,0,0,0,0,0,0,0,0,0,0,0,,,,
1416337364.98622,pg_catalog,pg_am,10580,10580,0,0,0,0,0,0,0,0,154,10426,0,0,,,,
1416337364.98622,pg_catalog,pg_ts_template,0,0,0,0,0,0,0,0,0,0,0,0,0,0,,,,
1416337364.98622,pg_catalog,pg_foreign_server,0,0,0,0,0,0,0,0,0,0,0,0,0,0,,,,
1416337364.98622,pg_catalog,pg_namespace,380,31920,52940,42945,0,0,0,0,0,0,219,43486,667,62973,,,,
1416337364.98622,pg_toast,pg_toast_2619,0,0,42926,143524,1560,0,1322,0,261,20,13552,56472,507,49505,,,,
1416337364.98622,pg_catalog,pg_authid,214,214,20103,20103,0,0,0,0,0,0,127,20190,610,39596,,,,
1416337364.98622,pg_catalog,pg_default_acl,0,0,1260,0,0,0,0,0,0,0,0,0,135,1125,,,,
1416337364.98622,pg_catalog,pg_shdepend,0,0,1700,315,0,0,0,0,0,0,146,169,551,1779,,,,
1416337364.98622,pg_catalog,pg_constraint,0,0,80,40,40,0,40,0,10,0,22,228,40,404,0,0,0,0
1416337364.98622,information_schema,sql_implementation_info,0,0,,,0,0,0,0,0,0,0,0,,,0,0,0,0
1416337364.98622,pg_catalog,pg_index,1318,120542,114808,162785,228,0,228,0,143,0,1409,163304,775,131121,,,,
1416337364.98622,pg_catalog,pg_ts_dict,0,0,0,0,0,0,0,0,0,0,0,0,0,0,,,,
1416337364.98622,pg_toast,pg_toast_2604,0,0,0,0,0,0,0,0,0,0,0,0,0,0,,,,
1416337364.98622,public,time_statistics,1,1,,,3,1,0,1,3,1,2,3,,,,,,
1416337364.98622,public,partsupp,5,24000000,42,42,8000000,0,0,0,8000000,0,340611,954551,12,124,,,,
1416337364.98622,pg_toast,pg_toast_12325,0,0,0,0,0,0,0,0,0,0,0,0,0,0,,,,
1416337364.98622,information_schema,sql_sizing,0,0,,,0,0,0,0,0,0,0,0,,,0,0,0,0
1416337364.98622,public,lineitem,13,539874468,56,56,59986052,0,0,0,59986296,0,5709189,7553185,22,338,,,,
1416337364.98622,pg_catalog,pg_proc,0,0,88837,131715,0,0,0,0,0,0,7694,87899,3809,193076,0,0,0,0
1416337424.98943,pg_catalog,pg_attrdef,0,0,0,0,0,0,0,0,0,0,0,0,0,0,0,0,0,0
1416337424.98943,pg_catalog,pg_db_role_setting,0,0,42832,0,0,0,0,0,0,0,0,0,131,42701,0,0,0,0
1416337424.98943,pg_catalog,pg_rowsecurity,0,0,0,0,0,0,0,0,0,0,0,0,0,0,,,,
1416337424.98943,pg_catalog,pg_description,0,0,1385,0,0,0,0,0,0,0,0,0,384,2701,0,0,0,0
1416337424.98943,pg_catalog,pg_foreign_data_wrapper,0,0,0,0,0,0,0,0,0,0,0,0,0,0,,,,
1416337424.98943,pg_catalog,pg_conversion,0,0,0,0,0,0,0,0,0,0,0,0,0,0,,,,
1416337424.98943,public,nation,14,75,25626,25626,25,0,0,0,25,0,2,25629,4,25632,,,,
1416337424.98943,pg_catalog,pg_class,3151,698203,244279,222141,543,177,543,171,337,48,3153,256484,2281,511392,,,,
1416337424.98943,pg_catalog,pg_opfamily,0,0,0,0,0,0,0,0,0,0,0,0,0,0,,,,
1416337424.98943,pg_catalog,pg_auth_members,0,0,0,0,0,0,0,0,0,0,0,0,0,0,,,,
1416337424.98943,pg_catalog,pg_operator,0,0,78711,415432,0,0,0,0,0,0,2214,287137,1944,170470,,,,
1416337424.98943,pg_toast,pg_toast_12345,0,0,0,0,0,0,0,0,0,0,0,0,0,0,,,,
1416337424.98943,public,part,9,14000000,33,2000032,2000000,0,0,0,2000000,0,119529,369021,5483,130,,,,
1416337424.98943,pg_catalog,pg_attribute,726,4950,202603,458714,1948,50,1948,50,2514,12,7924,222185,1904,423305,,,,
1416337424.98943,pg_catalog,pg_tablespace,0,0,7199,7199,0,0,0,0,0,0,216,6983,446,13980,,,,
1416337424.98943,pg_catalog,pg_statistic,0,0,57141,55242,415,1206,418,1122,464,77,5717,53105,653,122011,13580,56488,507,49537
1416337424.98943,pg_catalog,pg_aggregate,0,0,5493,5493,0,0,0,0,0,0,402,5091,911,8656,,,,
1416337424.98943,pg_catalog,pg_inherits,0,0,315,0,0,0,0,0,0,0,0,0,134,181,,,,
1416337424.98943,pg_catalog,pg_enum,0,0,0,0,0,0,0,0,0,0,0,0,0,0,,,,
1416337424.98943,pg_toast,pg_toast_2396,0,0,0,0,0,0,0,0,0,0,0,0,0,0,,,,
1416337424.98943,pg_catalog,pg_pltemplate,0,0,0,0,0,0,0,0,0,0,0,0,0,0,,,,
1416337424.98943,pg_toast,pg_toast_2618,0,0,914,2918,0,0,0,0,0,0,521,598,154,1320,,,,
1416337424.98943,public,customer,10,9000000,28,28,1500000,0,0,0,1500000,0,68533,294885,10,114,,,,
1416337424.98943,pg_toast,pg_toast_3596,0,0,0,0,0,0,0,0,0,0,0,0,0,0,,,,
1416337424.98943,pg_toast,pg_toast_2606,0,0,0,0,0,0,0,0,0,0,0,0,0,0,,,,
1416337424.98943,pg_toast,pg_toast_2964,0,0,0,0,0,0,0,0,0,0,0,0,0,0,,,,
1416337424.98943,pg_toast,pg_toast_12330,0,0,0,0,0,0,0,0,0,0,0,0,0,0,,,,
1416337424.98943,pg_catalog,pg_database,862,3328,34733,34733,0,0,0,0,0,0,102,35493,596,55533,,,,
1416337424.98943,information_schema,sql_sizing_profiles,0,0,,,0,0,0,0,0,0,0,0,,,0,0,0,0
1416337424.98943,pg_toast,pg_toast_2620,0,0,0,0,0,0,0,0,0,0,0,0,0,0,,,,
1416337424.98943,pg_catalog,pg_depend,0,0,13031,14016,2395,0,2395,0,6685,1245,2343,16810,3327,33754,,,,
1416337424.98943,pg_catalog,pg_language,0,0,0,0,0,0,0,0,0,0,0,0,0,0,,,,
1416337424.98943,pg_toast,pg_toast_12320,0,0,0,0,0,0,0,0,0,0,0,0,0,0,,,,
1416337424.98943,pg_catalog,pg_amproc,132,264,44651,70394,0,0,0,0,0,0,216,43843,403,99267,,,,
1416337424.98943,pg_catalog,pg_collation,0,0,0,0,0,0,0,0,0,0,0,0,0,0,,,,
1416337424.98943,pg_catalog,pg_range,0,0,2473,0,0,0,0,0,0,0,0,0,946,4000,,,,
1416337424.98943,pg_toast,pg_toast_2609,0,0,0,0,0,0,0,0,0,0,0,0,0,0,,,,
1416337424.98943,pg_catalog,pg_opclass,132,132,61600,690823,0,0,0,0,0,0,483,274565,994,75220,,,,
1416337424.98943,information_schema,sql_packages,0,0,,,0,0,0,0,0,0,0,0,,,0,0,0,0
1416337424.98943,pg_catalog,pg_rewrite,0,0,2331,1800,177,0,177,0,111,10,1215,2177,561,3421,521,598,308,2640
1416337424.98943,pg_toast,pg_toast_1255,0,0,0,0,0,0,0,0,0,0,0,0,0,0,,,,
1416337424.98943,pg_catalog,pg_seclabel,0,0,1385,0,0,0,0,0,0,0,0,0,125,1260,0,0,0,0
1416337424.98943,pg_toast,pg_toast_12335,0,0,0,0,0,0,0,0,0,0,0,0,0,0,,,,
1416337424.98943,pg_catalog,pg_ts_parser,0,0,0,0,0,0,0,0,0,0,0,0,0,0,,,,
1416337424.98943,pg_catalog,pg_trigger,0,0,0,0,0,0,0,0,0,0,0,0,0,0,0,0,0,0
1416337424.98943,pg_toast,pg_toast_12340,0,0,0,0,0,0,0,0,0,0,0,0,0,0,,,,
1416337424.98943,pg_catalog,pg_shseclabel,0,0,0,0,0,0,0,0,0,0,0,0,0,0,,,,
1416337424.98943,pg_catalog,pg_event_trigger,0,0,505,0,0,0,0,0,0,0,0,0,146,359,,,,
1416337424.98943,information_schema,sql_features,0,0,,,0,0,0,0,0,0,0,0,,,0,0,0,0
1416337424.98943,information_schema,sql_languages,0,0,,,0,0,0,0,0,0,0,0,,,0,0,0,0
1416337424.98943,public,supplier,9,500000,25626,25626,100000,0,0,0,100000,0,4491,41274,284,51149,,,,
1416337424.98943,pg_catalog,pg_foreign_table,0,0,0,0,0,0,0,0,0,0,0,0,0,0,,,,
1416337424.98943,pg_catalog,pg_extension,0,0,0,0,0,0,0,0,0,0,0,0,0,0,,,,
1416337424.98943,pg_catalog,pg_ts_config,0,0,0,0,0,0,0,0,0,0,0,0,0,0,,,,
1416337424.98943,pg_catalog,pg_shdescription,0,0,0,0,0,0,0,0,0,0,0,0,0,0,0,0,0,0
1416337424.98943,pg_catalog,pg_cast,0,0,341928,81030,0,0,0,0,0,0,462,80568,286,351374,,,,
1416337424.98943,pg_catalog,pg_amop,0,0,91505,133542,0,0,0,0,0,0,679,132863,1502,193436,,,,
1416337424.98943,pg_catalog,pg_user_mapping,0,0,0,0,0,0,0,0,0,0,0,0,0,0,,,,
1416337424.98943,pg_toast,pg_toast_12315,0,0,0,0,0,0,0,0,0,0,0,0,0,0,,,,
1416337424.98943,pg_catalog,pg_type,0,0,241737,239364,625,0,625,0,360,2,1590,240582,2363,496721,,,,
1416337424.98943,pg_catalog,pg_largeobject,0,0,0,0,0,0,0,0,0,0,0,0,0,0,,,,
1416337424.98943,public,region,6402,31985,12,12,5,0,0,0,5,0,2,6409,4,12,,,,
1416337424.98943,information_schema,sql_parts,0,0,,,0,0,0,0,0,0,0,0,,,0,0,0,0
1416337424.98943,public,orders,10,60000000,30,30,15015000,0,0,0,15015000,0,504810,1559367,2828,132793,,,,
1416337424.98943,pg_catalog,pg_ts_config_map,0,0,0,0,0,0,0,0,0,0,0,0,0,0,,,,
1416337424.98943,pg_catalog,pg_largeobject_metadata,0,0,0,0,0,0,0,0,0,0,0,0,0,0,,,,
1416337424.98943,pg_catalog,pg_am,10596,10596,0,0,0,0,0,0,0,0,154,10442,0,0,,,,
1416337424.98943,pg_catalog,pg_ts_template,0,0,0,0,0,0,0,0,0,0,0,0,0,0,,,,
1416337424.98943,pg_catalog,pg_foreign_server,0,0,0,0,0,0,0,0,0,0,0,0,0,0,,,,
1416337424.98943,pg_catalog,pg_namespace,382,32088,53129,43118,0,0,0,0,0,0,219,43663,668,63179,,,,
1416337424.98943,pg_toast,pg_toast_2619,0,0,42952,143622,1560,0,1322,0,261,20,13580,56488,507,49537,,,,
1416337424.98943,pg_catalog,pg_authid,217,217,20149,20149,0,0,0,0,0,0,128,20238,614,39684,,,,
1416337424.98943,pg_catalog,pg_default_acl,0,0,1260,0,0,0,0,0,0,0,0,0,135,1125,,,,
1416337424.98943,pg_catalog,pg_shdepend,0,0,1700,315,0,0,0,0,0,0,146,169,551,1779,,,,
1416337424.98943,pg_catalog,pg_constraint,0,0,80,40,40,0,40,0,10,0,22,228,40,404,0,0,0,0
1416337424.98943,information_schema,sql_implementation_info,0,0,,,0,0,0,0,0,0,0,0,,,0,0,0,0
1416337424.98943,pg_catalog,pg_index,1323,121257,114924,162945,228,0,228,0,143,0,1409,163482,775,131263,,,,
1416337424.98943,pg_catalog,pg_ts_dict,0,0,0,0,0,0,0,0,0,0,0,0,0,0,,,,
1416337424.98943,pg_toast,pg_toast_2604,0,0,0,0,0,0,0,0,0,0,0,0,0,0,,,,
1416337424.98943,public,time_statistics,4,13,,,6,4,0,4,6,4,2,12,,,,,,
1416337424.98943,public,partsupp,5,24000000,26285,1612590,8000000,0,0,0,8000000,0,511564,2377670,20026,63368,,,,
1416337424.98943,pg_toast,pg_toast_12325,0,0,0,0,0,0,0,0,0,0,0,0,0,0,,,,
1416337424.98943,information_schema,sql_sizing,0,0,,,0,0,0,0,0,0,0,0,,,0,0,0,0
1416337424.98943,public,lineitem,13,539874468,59,748246,60045669,0,0,0,60045913,0,6114960,7555894,109827,1305765,,,,
1416337424.98943,pg_catalog,pg_proc,0,0,88977,131931,0,0,0,0,0,0,7712,88051,3814,193382,0,0,0,0
1416337484.99186,pg_catalog,pg_attrdef,0,0,0,0,0,0,0,0,0,0,0,0,0,0,0,0,0,0
1416337484.99186,pg_catalog,pg_db_role_setting,0,0,42860,0,0,0,0,0,0,0,0,0,132,42728,0,0,0,0
1416337484.99186,pg_catalog,pg_rowsecurity,0,0,0,0,0,0,0,0,0,0,0,0,0,0,,,,
1416337484.99186,pg_catalog,pg_description,0,0,1385,0,0,0,0,0,0,0,0,0,384,2701,0,0,0,0
1416337484.99186,pg_catalog,pg_foreign_data_wrapper,0,0,0,0,0,0,0,0,0,0,0,0,0,0,,,,
1416337484.99186,pg_catalog,pg_conversion,0,0,0,0,0,0,0,0,0,0,0,0,0,0,,,,
1416337484.99186,public,nation,14,75,25626,25626,25,0,0,0,25,0,2,25629,4,25632,,,,
1416337484.99186,pg_catalog,pg_class,3160,700916,244612,222474,543,177,543,171,337,48,3169,256919,2287,512065,,,,
1416337484.99186,pg_catalog,pg_opfamily,0,0,0,0,0,0,0,0,0,0,0,0,0,0,,,,
1416337484.99186,pg_catalog,pg_auth_members,0,0,0,0,0,0,0,0,0,0,0,0,0,0,,,,
1416337484.99186,pg_catalog,pg_operator,0,0,78725,415446,0,0,0,0,0,0,2214,287151,1944,170503,,,,
1416337484.99186,pg_toast,pg_toast_12345,0,0,0,0,0,0,0,0,0,0,0,0,0,0,,,,
1416337484.99186,public,part,9,14000000,33,2000032,2000000,0,0,0,2000000,0,119529,369021,5483,130,,,,
1416337484.99186,pg_catalog,pg_attribute,726,4950,202780,458985,1948,50,1948,50,2514,12,7930,222363,1910,423659,,,,
1416337484.99186,pg_catalog,pg_tablespace,0,0,7204,7204,0,0,0,0,0,0,216,6988,446,13990,,,,
1416337484.99186,pg_catalog,pg_statistic,0,0,57159,55256,415,1206,418,1122,464,77,5718,53118,653,122050,13580,56490,507,49541
1416337484.99186,pg_catalog,pg_aggregate,0,0,5494,5494,0,0,0,0,0,0,402,5092,911,8658,,,,
1416337484.99186,pg_catalog,pg_inherits,0,0,315,0,0,0,0,0,0,0,0,0,134,181,,,,
1416337484.99186,pg_catalog,pg_enum,0,0,0,0,0,0,0,0,0,0,0,0,0,0,,,,
1416337484.99186,pg_toast,pg_toast_2396,0,0,0,0,0,0,0,0,0,0,0,0,0,0,,,,
1416337484.99186,pg_catalog,pg_pltemplate,0,0,0,0,0,0,0,0,0,0,0,0,0,0,,,,
1416337484.99186,pg_toast,pg_toast_2618,0,0,918,2932,0,0,0,0,0,0,525,599,154,1326,,,,
1416337484.99186,public,customer,10,9000000,28,28,1500000,0,0,0,1500000,0,68533,294885,10,114,,,,
1416337484.99186,pg_toast,pg_toast_3596,0,0,0,0,0,0,0,0,0,0,0,0,0,0,,,,
1416337484.99186,pg_toast,pg_toast_2606,0,0,0,0,0,0,0,0,0,0,0,0,0,0,,,,
1416337484.99186,pg_toast,pg_toast_2964,0,0,0,0,0,0,0,0,0,0,0,0,0,0,,,,
1416337484.99186,pg_toast,pg_toast_12330,0,0,0,0,0,0,0,0,0,0,0,0,0,0,,,,
1416337484.99186,pg_catalog,pg_database,865,3340,34761,34761,0,0,0,0,0,0,102,35524,600,55571,,,,
1416337484.99186,information_schema,sql_sizing_profiles,0,0,,,0,0,0,0,0,0,0,0,,,0,0,0,0
1416337484.99186,pg_toast,pg_toast_2620,0,0,0,0,0,0,0,0,0,0,0,0,0,0,,,,
1416337484.99186,pg_catalog,pg_depend,0,0,13031,14016,2395,0,2395,0,6685,1245,2343,16810,3327,33754,,,,
1416337484.99186,pg_catalog,pg_language,0,0,0,0,0,0,0,0,0,0,0,0,0,0,,,,
1416337484.99186,pg_toast,pg_toast_12320,0,0,0,0,0,0,0,0,0,0,0,0,0,0,,,,
1416337484.99186,pg_catalog,pg_amproc,132,264,44662,70413,0,0,0,0,0,0,218,43852,409,99289,,,,
1416337484.99186,pg_catalog,pg_collation,0,0,0,0,0,0,0,0,0,0,0,0,0,0,,,,
1416337484.99186,pg_catalog,pg_range,0,0,2473,0,0,0,0,0,0,0,0,0,946,4000,,,,
1416337484.99186,pg_toast,pg_toast_2609,0,0,0,0,0,0,0,0,0,0,0,0,0,0,,,,
1416337484.99186,pg_catalog,pg_opclass,132,132,61612,690921,0,0,0,0,0,0,485,274599,998,75236,,,,
1416337484.99186,information_schema,sql_packages,0,0,,,0,0,0,0,0,0,0,0,,,0,0,0,0
1416337484.99186,pg_catalog,pg_rewrite,0,0,2336,1805,177,0,177,0,111,10,1219,2178,561,3429,525,599,308,2652
1416337484.99186,pg_toast,pg_toast_1255,0,0,0,0,0,0,0,0,0,0,0,0,0,0,,,,
1416337484.99186,pg_catalog,pg_seclabel,0,0,1385,0,0,0,0,0,0,0,0,0,125,1260,0,0,0,0
1416337484.99186,pg_toast,pg_toast_12335,0,0,0,0,0,0,0,0,0,0,0,0,0,0,,,,
1416337484.99186,pg_catalog,pg_ts_parser,0,0,0,0,0,0,0,0,0,0,0,0,0,0,,,,
1416337484.99186,pg_catalog,pg_trigger,0,0,0,0,0,0,0,0,0,0,0,0,0,0,0,0,0,0
1416337484.99186,pg_toast,pg_toast_12340,0,0,0,0,0,0,0,0,0,0,0,0,0,0,,,,
1416337484.99186,pg_catalog,pg_shseclabel,0,0,0,0,0,0,0,0,0,0,0,0,0,0,,,,
1416337484.99186,pg_catalog,pg_event_trigger,0,0,505,0,0,0,0,0,0,0,0,0,146,359,,,,
1416337484.99186,information_schema,sql_features,0,0,,,0,0,0,0,0,0,0,0,,,0,0,0,0
1416337484.99186,information_schema,sql_languages,0,0,,,0,0,0,0,0,0,0,0,,,0,0,0,0
1416337484.99186,public,supplier,9,500000,25626,25626,100000,0,0,0,100000,0,4491,41274,284,51149,,,,
1416337484.99186,pg_catalog,pg_foreign_table,0,0,0,0,0,0,0,0,0,0,0,0,0,0,,,,
1416337484.99186,pg_catalog,pg_extension,0,0,0,0,0,0,0,0,0,0,0,0,0,0,,,,
1416337484.99186,pg_catalog,pg_ts_config,0,0,0,0,0,0,0,0,0,0,0,0,0,0,,,,
1416337484.99186,pg_catalog,pg_shdescription,0,0,0,0,0,0,0,0,0,0,0,0,0,0,0,0,0,0
1416337484.99186,pg_catalog,pg_cast,0,0,341961,81047,0,0,0,0,0,0,462,80585,286,351410,,,,
1416337484.99186,pg_catalog,pg_amop,0,0,91522,133563,0,0,0,0,0,0,679,132884,1502,193474,,,,
1416337484.99186,pg_catalog,pg_user_mapping,0,0,0,0,0,0,0,0,0,0,0,0,0,0,,,,
1416337484.99186,pg_toast,pg_toast_12315,0,0,0,0,0,0,0,0,0,0,0,0,0,0,,,,
1416337484.99186,pg_catalog,pg_type,0,0,241793,239420,625,0,625,0,360,2,1590,240638,2363,496836,,,,
1416337484.99186,pg_catalog,pg_largeobject,0,0,0,0,0,0,0,0,0,0,0,0,0,0,,,,
1416337484.99186,public,region,6402,31985,12,12,5,0,0,0,5,0,2,6409,4,12,,,,
1416337484.99186,information_schema,sql_parts,0,0,,,0,0,0,0,0,0,0,0,,,0,0,0,0
1416337484.99186,public,orders,10,60000000,30,30,15015000,0,0,0,15015000,0,504810,1559367,2828,132793,,,,
1416337484.99186,pg_catalog,pg_ts_config_map,0,0,0,0,0,0,0,0,0,0,0,0,0,0,,,,
1416337484.99186,pg_catalog,pg_largeobject_metadata,0,0,0,0,0,0,0,0,0,0,0,0,0,0,,,,
1416337484.99186,pg_catalog,pg_am,10602,10602,0,0,0,0,0,0,0,0,156,10446,0,0,,,,
1416337484.99186,pg_catalog,pg_ts_template,0,0,0,0,0,0,0,0,0,0,0,0,0,0,,,,
1416337484.99186,pg_catalog,pg_foreign_server,0,0,0,0,0,0,0,0,0,0,0,0,0,0,,,,
1416337484.99186,pg_catalog,pg_namespace,384,32256,53281,43267,0,0,0,0,0,0,219,43816,668,63336,,,,
1416337484.99186,pg_toast,pg_toast_2619,0,0,42954,143626,1560,0,1322,0,261,20,13580,56490,507,49541,,,,
1416337484.99186,pg_catalog,pg_authid,218,218,20159,20159,0,0,0,0,0,0,128,20249,614,39704,,,,
1416337484.99186,pg_catalog,pg_default_acl,0,0,1260,0,0,0,0,0,0,0,0,0,135,1125,,,,
1416337484.99186,pg_catalog,pg_shdepend,0,0,1700,315,0,0,0,0,0,0,146,169,551,1779,,,,
1416337484.99186,pg_catalog,pg_constraint,0,0,80,40,40,0,40,0,10,0,22,228,40,404,0,0,0,0
1416337484.99186,information_schema,sql_implementation_info,0,0,,,0,0,0,0,0,0,0,0,,,0,0,0,0
1416337484.99186,pg_catalog,pg_index,1328,121972,114958,162988,228,0,228,0,143,0,1411,163549,779,131302,,,,
1416337484.99186,pg_catalog,pg_ts_dict,0,0,0,0,0,0,0,0,0,0,0,0,0,0,,,,
1416337484.99186,pg_toast,pg_toast_2604,0,0,0,0,0,0,0,0,0,0,0,0,0,0,,,,
1416337484.99186,public,time_statistics,4,13,,,6,4,0,4,6,4,2,12,,,,,,
1416337484.99186,public,partsupp,5,24000000,26285,1612590,8000000,0,0,0,8000000,0,511564,2377670,20026,63368,,,,
1416337484.99186,pg_toast,pg_toast_12325,0,0,0,0,0,0,0,0,0,0,0,0,0,0,,,,
1416337484.99186,information_schema,sql_sizing,0,0,,,0,0,0,0,0,0,0,0,,,0,0,0,0
1416337484.99186,public,lineitem,13,539874468,59,748246,60045669,0,0,0,60045913,0,6114960,7555894,109827,1305765,,,,
1416337484.99186,pg_catalog,pg_proc,0,0,89043,132018,0,0,0,0,0,0,7714,88127,3814,193520,0,0,0,0
1416337544.99353,pg_catalog,pg_attrdef,0,0,0,0,0,0,0,0,0,0,0,0,0,0,0,0,0,0
1416337544.99353,pg_catalog,pg_db_role_setting,0,0,42936,0,0,0,0,0,0,0,0,0,133,42803,0,0,0,0
1416337544.99353,pg_catalog,pg_rowsecurity,0,0,0,0,0,0,0,0,0,0,0,0,0,0,,,,
1416337544.99353,pg_catalog,pg_description,0,0,1385,0,0,0,0,0,0,0,0,0,384,2701,0,0,0,0
1416337544.99353,pg_catalog,pg_foreign_data_wrapper,0,0,0,0,0,0,0,0,0,0,0,0,0,0,,,,
1416337544.99353,pg_catalog,pg_conversion,0,0,0,0,0,0,0,0,0,0,0,0,0,0,,,,
1416337544.99353,public,nation,16,125,25630,25630,25,0,0,0,25,0,3,25634,6,25636,,,,
1416337544.99353,pg_catalog,pg_class,3170,703966,245156,222996,543,177,543,171,337,48,3181,257560,2296,513185,,,,
1416337544.99353,pg_catalog,pg_opfamily,0,0,0,0,0,0,0,0,0,0,0,0,0,0,,,,
1416337544.99353,pg_catalog,pg_auth_members,0,0,0,0,0,0,0,0,0,0,0,0,0,0,,,,
1416337544.99353,pg_catalog,pg_operator,0,0,78833,416131,0,0,0,0,0,0,2228,287616,1953,170737,,,,
1416337544.99353,pg_toast,pg_toast_12345,0,0,0,0,0,0,0,0,0,0,0,0,0,0,,,,
1416337544.99353,public,part,10,16000000,47,2023892,2000000,0,0,0,2000000,0,138460,409552,5665,161,,,,
1416337544.99353,pg_catalog,pg_attribute,726,4950,203170,459748,1948,50,1948,50,2514,12,7974,222728,1916,424455,,,,
1416337544.99353,pg_catalog,pg_tablespace,0,0,7217,7217,0,0,0,0,0,0,217,7000,448,14014,,,,
1416337544.99353,pg_catalog,pg_statistic,0,0,57250,55327,415,1206,418,1122,464,77,5741,53166,658,122241,13614,56529,509,49597
1416337544.99353,pg_catalog,pg_aggregate,0,0,5500,5500,0,0,0,0,0,0,404,5096,915,8665,,,,
1416337544.99353,pg_catalog,pg_inherits,0,0,315,0,0,0,0,0,0,0,0,0,134,181,,,,
1416337544.99353,pg_catalog,pg_enum,0,0,0,0,0,0,0,0,0,0,0,0,0,0,,,,
1416337544.99353,pg_toast,pg_toast_2396,0,0,0,0,0,0,0,0,0,0,0,0,0,0,,,,
1416337544.99353,pg_catalog,pg_pltemplate,0,0,0,0,0,0,0,0,0,0,0,0,0,0,,,,
1416337544.99353,pg_toast,pg_toast_2618,0,0,924,2950,0,0,0,0,0,0,531,600,157,1333,,,,
1416337544.99353,public,customer,10,9000000,28,28,1500000,0,0,0,1500000,0,68533,294885,10,114,,,,
1416337544.99353,pg_toast,pg_toast_3596,0,0,0,0,0,0,0,0,0,0,0,0,0,0,,,,
1416337544.99353,pg_toast,pg_toast_2606,0,0,0,0,0,0,0,0,0,0,0,0,0,0,,,,
1416337544.99353,pg_toast,pg_toast_2964,0,0,0,0,0,0,0,0,0,0,0,0,0,0,,,,
1416337544.99353,pg_toast,pg_toast_12330,0,0,0,0,0,0,0,0,0,0,0,0,0,0,,,,
1416337544.99353,pg_catalog,pg_database,868,3352,34825,34825,0,0,0,0,0,0,102,35591,604,55669,,,,
1416337544.99353,information_schema,sql_sizing_profiles,0,0,,,0,0,0,0,0,0,0,0,,,0,0,0,0
1416337544.99353,pg_toast,pg_toast_2620,0,0,0,0,0,0,0,0,0,0,0,0,0,0,,,,
1416337544.99353,pg_catalog,pg_depend,0,0,13031,14016,2395,0,2395,0,6685,1245,2343,16810,3327,33754,,,,
1416337544.99353,pg_catalog,pg_language,0,0,0,0,0,0,0,0,0,0,0,0,0,0,,,,
1416337544.99353,pg_toast,pg_toast_12320,0,0,0,0,0,0,0,0,0,0,0,0,0,0,,,,
1416337544.99353,pg_catalog,pg_amproc,132,264,44722,70509,0,0,0,0,0,0,218,43910,409,99427,,,,
1416337544.99353,pg_catalog,pg_collation,0,0,0,0,0,0,0,0,0,0,0,0,0,0,,,,
1416337544.99353,pg_catalog,pg_range,0,0,2477,0,0,0,0,0,0,0,0,0,952,4002,,,,
1416337544.99353,pg_toast,pg_toast_2609,0,0,0,0,0,0,0,0,0,0,0,0,0,0,,,,
1416337544.99353,pg_catalog,pg_opclass,132,132,61674,691393,0,0,0,0,0,0,487,274795,1000,75319,,,,
1416337544.99353,information_schema,sql_packages,0,0,,,0,0,0,0,0,0,0,0,,,0,0,0,0
1416337544.99353,pg_catalog,pg_rewrite,0,0,2344,1813,177,0,177,0,111,10,1225,2180,563,3441,531,600,314,2666
1416337544.99353,pg_toast,pg_toast_1255,0,0,0,0,0,0,0,0,0,0,0,0,0,0,,,,
1416337544.99353,pg_catalog,pg_seclabel,0,0,1385,0,0,0,0,0,0,0,0,0,125,1260,0,0,0,0
1416337544.99353,pg_toast,pg_toast_12335,0,0,0,0,0,0,0,0,0,0,0,0,0,0,,,,
1416337544.99353,pg_catalog,pg_ts_parser,0,0,0,0,0,0,0,0,0,0,0,0,0,0,,,,
1416337544.99353,pg_catalog,pg_trigger,0,0,0,0,0,0,0,0,0,0,0,0,0,0,0,0,0,0
1416337544.99353,pg_toast,pg_toast_12340,0,0,0,0,0,0,0,0,0,0,0,0,0,0,,,,
1416337544.99353,pg_catalog,pg_shseclabel,0,0,0,0,0,0,0,0,0,0,0,0,0,0,,,,
1416337544.99353,pg_catalog,pg_event_trigger,0,0,505,0,0,0,0,0,0,0,0,0,146,359,,,,
1416337544.99353,information_schema,sql_features,0,0,,,0,0,0,0,0,0,0,0,,,0,0,0,0
1416337544.99353,information_schema,sql_languages,0,0,,,0,0,0,0,0,0,0,0,,,0,0,0,0
1416337544.99353,public,supplier,9,500000,3296086,3300018,100000,0,0,0,100000,0,4491,3313590,300,6610620,,,,
1416337544.99353,pg_catalog,pg_foreign_table,0,0,0,0,0,0,0,0,0,0,0,0,0,0,,,,
1416337544.99353,pg_catalog,pg_extension,0,0,0,0,0,0,0,0,0,0,0,0,0,0,,,,
1416337544.99353,pg_catalog,pg_ts_config,0,0,0,0,0,0,0,0,0,0,0,0,0,0,,,,
1416337544.99353,pg_catalog,pg_shdescription,0,0,0,0,0,0,0,0,0,0,0,0,0,0,0,0,0,0
1416337544.99353,pg_catalog,pg_cast,0,0,342416,81178,0,0,0,0,0,0,465,80713,288,351881,,,,
1416337544.99353,pg_catalog,pg_amop,0,0,91637,133731,0,0,0,0,0,0,683,133048,1508,193720,,,,
1416337544.99353,pg_catalog,pg_user_mapping,0,0,0,0,0,0,0,0,0,0,0,0,0,0,,,,
1416337544.99353,pg_toast,pg_toast_12315,0,0,0,0,0,0,0,0,0,0,0,0,0,0,,,,
1416337544.99353,pg_catalog,pg_type,0,0,242230,239857,625,0,625,0,360,2,1594,241071,2371,497723,,,,
1416337544.99353,pg_catalog,pg_largeobject,0,0,0,0,0,0,0,0,0,0,0,0,0,0,,,,
1416337544.99353,public,region,6402,31985,12,12,5,0,0,0,5,0,2,6409,4,12,,,,
1416337544.99353,information_schema,sql_parts,0,0,,,0,0,0,0,0,0,0,0,,,0,0,0,0
1416337544.99353,public,orders,10,60000000,3270481,3270481,15015000,0,0,0,15015000,0,1044709,4289919,43914,9920828,,,,
1416337544.99353,pg_catalog,pg_ts_config_map,0,0,0,0,0,0,0,0,0,0,0,0,0,0,,,,
1416337544.99353,pg_catalog,pg_largeobject_metadata,0,0,0,0,0,0,0,0,0,0,0,0,0,0,,,,
1416337544.99353,pg_catalog,pg_am,10620,10620,0,0,0,0,0,0,0,0,156,10464,0,0,,,,
1416337544.99353,pg_catalog,pg_ts_template,0,0,0,0,0,0,0,0,0,0,0,0,0,0,,,,
1416337544.99353,pg_catalog,pg_foreign_server,0,0,0,0,0,0,0,0,0,0,0,0,0,0,,,,
1416337544.99353,pg_catalog,pg_namespace,386,32424,53477,43445,0,0,0,0,0,0,221,43996,672,63548,,,,
1416337544.99353,pg_toast,pg_toast_2619,0,0,43005,143797,1560,0,1322,0,261,20,13614,56529,509,49597,,,,
1416337544.99353,pg_catalog,pg_authid,219,219,20193,20193,0,0,0,0,0,0,129,20283,618,39768,,,,
1416337544.99353,pg_catalog,pg_default_acl,0,0,1260,0,0,0,0,0,0,0,0,0,135,1125,,,,
1416337544.99353,pg_catalog,pg_shdepend,0,0,1700,315,0,0,0,0,0,0,146,169,551,1779,,,,
1416337544.99353,pg_catalog,pg_constraint,0,0,80,40,40,0,40,0,10,0,22,228,40,404,0,0,0,0
1416337544.99353,information_schema,sql_implementation_info,0,0,,,0,0,0,0,0,0,0,0,,,0,0,0,0
1416337544.99353,pg_catalog,pg_index,1333,122687,115107,163200,228,0,228,0,143,0,1417,163775,781,131477,,,,
1416337544.99353,pg_catalog,pg_ts_dict,0,0,0,0,0,0,0,0,0,0,0,0,0,0,,,,
1416337544.99353,pg_toast,pg_toast_2604,0,0,0,0,0,0,0,0,0,0,0,0,0,0,,,,
1416337544.99353,public,time_statistics,8,43,,,10,8,0,8,10,8,3,23,,,,,,
1416337544.99353,public,partsupp,6,32000000,48206,1700214,8000000,0,0,0,8000000,0,640022,2444579,34099,115392,,,,
1416337544.99353,pg_toast,pg_toast_12325,0,0,0,0,0,0,0,0,0,0,0,0,0,0,,,,
1416337544.99353,information_schema,sql_sizing,0,0,,,0,0,0,0,0,0,0,0,,,0,0,0,0
1416337544.99353,public,lineitem,13,539874468,527370,25635642,60045669,0,0,0,60045913,0,8016119,22434590,264221,3365052,,,,
1416337544.99353,pg_catalog,pg_proc,0,0,89220,132278,0,0,0,0,0,0,7737,88309,3831,193893,0,0,0,0
1416337604.99688,pg_catalog,pg_attrdef,0,0,0,0,0,0,0,0,0,0,0,0,0,0,0,0,0,0
1416337604.99688,pg_catalog,pg_db_role_setting,0,0,42988,0,0,0,0,0,0,0,0,0,133,42855,0,0,0,0
1416337604.99688,pg_catalog,pg_rowsecurity,0,0,0,0,0,0,0,0,0,0,0,0,0,0,,,,
1416337604.99688,pg_catalog,pg_description,0,0,1385,0,0,0,0,0,0,0,0,0,384,2701,0,0,0,0
1416337604.99688,pg_catalog,pg_foreign_data_wrapper,0,0,0,0,0,0,0,0,0,0,0,0,0,0,,,,
1416337604.99688,pg_catalog,pg_conversion,0,0,0,0,0,0,0,0,0,0,0,0,0,0,,,,
1416337604.99688,public,nation,18,175,25636,25636,25,0,0,0,25,0,4,25641,8,25641,,,,
1416337604.99688,pg_catalog,pg_class,3180,707016,245612,223438,543,177,543,171,337,48,3182,258132,2299,514120,,,,
1416337604.99688,pg_catalog,pg_opfamily,0,0,0,0,0,0,0,0,0,0,0,0,0,0,,,,
1416337604.99688,pg_catalog,pg_auth_members,0,0,0,0,0,0,0,0,0,0,0,0,0,0,,,,
1416337604.99688,pg_catalog,pg_operator,0,0,78891,416464,0,0,0,0,0,0,2228,287844,1953,170869,,,,
1416337604.99688,pg_toast,pg_toast_12345,0,0,0,0,0,0,0,0,0,0,0,0,0,0,,,,
1416337604.99688,public,part,10,16000000,52,2036971,2000000,0,0,0,2000000,0,149678,409564,5732,178,,,,
1416337604.99688,pg_catalog,pg_attribute,726,4950,203459,460283,1948,50,1948,50,2514,12,7975,223028,1916,425047,,,,
1416337604.99688,pg_catalog,pg_tablespace,0,0,7226,7226,0,0,0,0,0,0,217,7009,448,14032,,,,
1416337604.99688,pg_catalog,pg_statistic,0,0,57309,55376,415,1206,418,1122,464,77,5751,53205,658,122367,13624,56556,509,49631
1416337604.99688,pg_catalog,pg_aggregate,0,0,5503,5503,0,0,0,0,0,0,404,5099,915,8671,,,,
1416337604.99688,pg_catalog,pg_inherits,0,0,315,0,0,0,0,0,0,0,0,0,134,181,,,,
1416337604.99688,pg_catalog,pg_enum,0,0,0,0,0,0,0,0,0,0,0,0,0,0,,,,
1416337604.99688,pg_toast,pg_toast_2396,0,0,0,0,0,0,0,0,0,0,0,0,0,0,,,,
1416337604.99688,pg_catalog,pg_pltemplate,0,0,0,0,0,0,0,0,0,0,0,0,0,0,,,,
1416337604.99688,pg_toast,pg_toast_2618,0,0,928,2964,0,0,0,0,0,0,535,601,157,1339,,,,
1416337604.99688,public,customer,11,10500000,41,299529,1500000,0,0,0,1500000,0,103811,440207,845,145,,,,
1416337604.99688,pg_toast,pg_toast_3596,0,0,0,0,0,0,0,0,0,0,0,0,0,0,,,,
1416337604.99688,pg_toast,pg_toast_2606,0,0,0,0,0,0,0,0,0,0,0,0,0,0,,,,
1416337604.99688,pg_toast,pg_toast_2964,0,0,0,0,0,0,0,0,0,0,0,0,0,0,,,,
1416337604.99688,pg_toast,pg_toast_12330,0,0,0,0,0,0,0,0,0,0,0,0,0,0,,,,
1416337604.99688,pg_catalog,pg_database,871,3364,34872,34872,0,0,0,0,0,0,102,35641,604,55742,,,,
1416337604.99688,information_schema,sql_sizing_profiles,0,0,,,0,0,0,0,0,0,0,0,,,0,0,0,0
1416337604.99688,pg_toast,pg_toast_2620,0,0,0,0,0,0,0,0,0,0,0,0,0,0,,,,
1416337604.99688,pg_catalog,pg_depend,0,0,13031,14016,2395,0,2395,0,6685,1245,2343,16810,3327,33754,,,,
1416337604.99688,pg_catalog,pg_language,0,0,0,0,0,0,0,0,0,0,0,0,0,0,,,,
1416337604.99688,pg_toast,pg_toast_12320,0,0,0,0,0,0,0,0,0,0,0,0,0,0,,,,
1416337604.99688,pg_catalog,pg_amproc,132,264,44763,70572,0,0,0,0,0,0,218,43951,409,99520,,,,
1416337604.99688,pg_catalog,pg_collation,0,0,0,0,0,0,0,0,0,0,0,0,0,0,,,,
1416337604.99688,pg_catalog,pg_range,0,0,2480,0,0,0,0,0,0,0,0,0,952,4008,,,,
1416337604.99688,pg_toast,pg_toast_2609,0,0,0,0,0,0,0,0,0,0,0,0,0,0,,,,
1416337604.99688,pg_catalog,pg_opclass,132,132,61726,692017,0,0,0,0,0,0,487,275039,1000,75387,,,,
1416337604.99688,information_schema,sql_packages,0,0,,,0,0,0,0,0,0,0,0,,,0,0,0,0
1416337604.99688,pg_catalog,pg_rewrite,0,0,2350,1819,177,0,177,0,111,10,1229,2182,563,3451,535,601,314,2678
1416337604.99688,pg_toast,pg_toast_1255,0,0,0,0,0,0,0,0,0,0,0,0,0,0,,,,
1416337604.99688,pg_catalog,pg_seclabel,0,0,1385,0,0,0,0,0,0,0,0,0,125,1260,0,0,0,0
1416337604.99688,pg_toast,pg_toast_12335,0,0,0,0,0,0,0,0,0,0,0,0,0,0,,,,
1416337604.99688,pg_catalog,pg_ts_parser,0,0,0,0,0,0,0,0,0,0,0,0,0,0,,,,
1416337604.99688,pg_catalog,pg_trigger,0,0,0,0,0,0,0,0,0,0,0,0,0,0,0,0,0,0
1416337604.99688,pg_toast,pg_toast_12340,0,0,0,0,0,0,0,0,0,0,0,0,0,0,,,,
1416337604.99688,pg_catalog,pg_shseclabel,0,0,0,0,0,0,0,0,0,0,0,0,0,0,,,,
1416337604.99688,pg_catalog,pg_event_trigger,0,0,505,0,0,0,0,0,0,0,0,0,146,359,,,,
1416337604.99688,information_schema,sql_features,0,0,,,0,0,0,0,0,0,0,0,,,0,0,0,0
1416337604.99688,information_schema,sql_languages,0,0,,,0,0,0,0,0,0,0,0,,,0,0,0,0
1416337604.99688,public,supplier,9,500000,3319882,3323814,100000,0,0,0,100000,0,6607,3335270,578,6658090,,,,
1416337604.99688,pg_catalog,pg_foreign_table,0,0,0,0,0,0,0,0,0,0,0,0,0,0,,,,
1416337604.99688,pg_catalog,pg_extension,0,0,0,0,0,0,0,0,0,0,0,0,0,0,,,,
1416337604.99688,pg_catalog,pg_ts_config,0,0,0,0,0,0,0,0,0,0,0,0,0,0,,,,
1416337604.99688,pg_catalog,pg_shdescription,0,0,0,0,0,0,0,0,0,0,0,0,0,0,0,0,0,0
1416337604.99688,pg_catalog,pg_cast,0,0,342771,81252,0,0,0,0,0,0,465,80787,288,352246,,,,
1416337604.99688,pg_catalog,pg_amop,0,0,91718,133848,0,0,0,0,0,0,683,133165,1508,193894,,,,
1416337604.99688,pg_catalog,pg_user_mapping,0,0,0,0,0,0,0,0,0,0,0,0,0,0,,,,
1416337604.99688,pg_toast,pg_toast_12315,0,0,0,0,0,0,0,0,0,0,0,0,0,0,,,,
1416337604.99688,pg_catalog,pg_type,0,0,242494,240121,625,0,625,0,360,2,1594,241335,2375,498258,,,,
1416337604.99688,pg_catalog,pg_largeobject,0,0,0,0,0,0,0,0,0,0,0,0,0,0,,,,
1416337604.99688,public,region,6403,31990,14,14,5,0,0,0,5,0,3,6411,6,13,,,,
1416337604.99688,information_schema,sql_parts,0,0,,,0,0,0,0,0,0,0,0,,,0,0,0,0
1416337604.99688,public,orders,11,75015000,3663348,3663348,15015000,0,0,0,15015000,0,1309558,4671459,85121,11060416,,,,
1416337604.99688,pg_catalog,pg_ts_config_map,0,0,0,0,0,0,0,0,0,0,0,0,0,0,,,,
1416337604.99688,pg_catalog,pg_largeobject_metadata,0,0,0,0,0,0,0,0,0,0,0,0,0,0,,,,
1416337604.99688,pg_catalog,pg_am,10631,10631,0,0,0,0,0,0,0,0,156,10475,0,0,,,,
1416337604.99688,pg_catalog,pg_ts_template,0,0,0,0,0,0,0,0,0,0,0,0,0,0,,,,
1416337604.99688,pg_catalog,pg_foreign_server,0,0,0,0,0,0,0,0,0,0,0,0,0,0,,,,
1416337604.99688,pg_catalog,pg_namespace,388,32592,53649,43607,0,0,0,0,0,0,222,44161,673,63731,,,,
1416337604.99688,pg_toast,pg_toast_2619,0,0,43034,143882,1560,0,1322,0,261,20,13624,56556,509,49631,,,,
1416337604.99688,pg_catalog,pg_authid,220,220,20215,20215,0,0,0,0,0,0,129,20306,618,39812,,,,
1416337604.99688,pg_catalog,pg_default_acl,0,0,1260,0,0,0,0,0,0,0,0,0,135,1125,,,,
1416337604.99688,pg_catalog,pg_shdepend,0,0,1700,315,0,0,0,0,0,0,146,169,551,1779,,,,
1416337604.99688,pg_catalog,pg_constraint,0,0,80,40,40,0,40,0,10,0,22,228,40,404,0,0,0,0
1416337604.99688,information_schema,sql_implementation_info,0,0,,,0,0,0,0,0,0,0,0,,,0,0,0,0
1416337604.99688,pg_catalog,pg_index,1338,123402,115209,163345,228,0,228,0,143,0,1417,163944,781,131596,,,,
1416337604.99688,pg_catalog,pg_ts_dict,0,0,0,0,0,0,0,0,0,0,0,0,0,0,,,,
1416337604.99688,pg_toast,pg_toast_2604,0,0,0,0,0,0,0,0,0,0,0,0,0,0,,,,
1416337604.99688,public,time_statistics,10,64,,,12,10,0,10,12,10,3,29,,,,,,
1416337604.99688,public,partsupp,6,32000000,48206,1700214,8000000,0,0,0,8000000,0,640022,2444579,34099,115392,,,,
1416337604.99688,pg_toast,pg_toast_12325,0,0,0,0,0,0,0,0,0,0,0,0,0,0,,,,
1416337604.99688,information_schema,sql_sizing,0,0,,,0,0,0,0,0,0,0,0,,,0,0,0,0
1416337604.99688,public,lineitem,15,659965806,540457,26028513,60045669,0,0,0,60045913,0,8622954,24353576,279279,3404367,,,,
1416337604.99688,pg_catalog,pg_proc,0,0,89342,132449,0,0,0,0,0,0,7743,88445,3831,194157,0,0,0,0
1416337664.99992,pg_catalog,pg_attrdef,0,0,0,0,0,0,0,0,0,0,0,0,0,0,0,0,0,0
1416337664.99992,pg_catalog,pg_db_role_setting,0,0,43040,0,0,0,0,0,0,0,0,0,133,42907,0,0,0,0
1416337664.99992,pg_catalog,pg_rowsecurity,0,0,0,0,0,0,0,0,0,0,0,0,0,0,,,,
1416337664.99992,pg_catalog,pg_description,0,0,1385,0,0,0,0,0,0,0,0,0,384,2701,0,0,0,0
1416337664.99992,pg_catalog,pg_foreign_data_wrapper,0,0,0,0,0,0,0,0,0,0,0,0,0,0,,,,
1416337664.99992,pg_catalog,pg_conversion,0,0,0,0,0,0,0,0,0,0,0,0,0,0,,,,
1416337664.99992,public,nation,19,200,25638,25638,25,0,0,0,25,0,4,25644,8,25644,,,,
1416337664.99992,pg_catalog,pg_class,3190,710066,246043,223859,543,177,543,171,337,48,3183,258683,2301,515008,,,,
1416337664.99992,pg_catalog,pg_opfamily,0,0,0,0,0,0,0,0,0,0,0,0,0,0,,,,
1416337664.99992,pg_catalog,pg_auth_members,0,0,0,0,0,0,0,0,0,0,0,0,0,0,,,,
1416337664.99992,pg_catalog,pg_operator,0,0,78936,416631,0,0,0,0,0,0,2228,287961,1953,170975,,,,
1416337664.99992,pg_toast,pg_toast_12345,0,0,0,0,0,0,0,0,0,0,0,0,0,0,,,,
1416337664.99992,public,part,10,16000000,52,2036971,2000000,0,0,0,2000000,0,149678,409564,5732,178,,,,
1416337664.99992,pg_catalog,pg_attribute,726,4950,203732,460781,1948,50,1948,50,2514,12,7977,223312,1916,425608,,,,
1416337664.99992,pg_catalog,pg_tablespace,0,0,7235,7235,0,0,0,0,0,0,217,7018,448,14050,,,,
1416337664.99992,pg_catalog,pg_statistic,0,0,57359,55414,415,1206,418,1122,464,77,5757,53237,658,122476,13634,56574,509,49656
1416337664.99992,pg_catalog,pg_aggregate,0,0,5507,5507,0,0,0,0,0,0,404,5103,915,8678,,,,
1416337664.99992,pg_catalog,pg_inherits,0,0,315,0,0,0,0,0,0,0,0,0,134,181,,,,
1416337664.99992,pg_catalog,pg_enum,0,0,0,0,0,0,0,0,0,0,0,0,0,0,,,,
1416337664.99992,pg_toast,pg_toast_2396,0,0,0,0,0,0,0,0,0,0,0,0,0,0,,,,
1416337664.99992,pg_catalog,pg_pltemplate,0,0,0,0,0,0,0,0,0,0,0,0,0,0,,,,
1416337664.99992,pg_toast,pg_toast_2618,0,0,933,2980,0,0,0,0,0,0,540,602,158,1346,,,,
1416337664.99992,public,customer,12,12000000,43,299531,1500000,0,0,0,1500000,0,126206,453092,854,147,,,,
1416337664.99992,pg_toast,pg_toast_3596,0,0,0,0,0,0,0,0,0,0,0,0,0,0,,,,
1416337664.99992,pg_toast,pg_toast_2606,0,0,0,0,0,0,0,0,0,0,0,0,0,0,,,,
1416337664.99992,pg_toast,pg_toast_2964,0,0,0,0,0,0,0,0,0,0,0,0,0,0,,,,
1416337664.99992,pg_toast,pg_toast_12330,0,0,0,0,0,0,0,0,0,0,0,0,0,0,,,,
1416337664.99992,pg_catalog,pg_database,874,3376,34919,34919,0,0,0,0,0,0,102,35691,604,55815,,,,
1416337664.99992,information_schema,sql_sizing_profiles,0,0,,,0,0,0,0,0,0,0,0,,,0,0,0,0
1416337664.99992,pg_toast,pg_toast_2620,0,0,0,0,0,0,0,0,0,0,0,0,0,0,,,,
1416337664.99992,pg_catalog,pg_depend,0,0,13031,14016,2395,0,2395,0,6685,1245,2343,16810,3327,33754,,,,
1416337664.99992,pg_catalog,pg_language,0,0,0,0,0,0,0,0,0,0,0,0,0,0,,,,
1416337664.99992,pg_toast,pg_toast_12320,0,0,0,0,0,0,0,0,0,0,0,0,0,0,,,,
1416337664.99992,pg_catalog,pg_amproc,132,264,44804,70635,0,0,0,0,0,0,218,43991,409,99614,,,,
1416337664.99992,pg_catalog,pg_collation,0,0,0,0,0,0,0,0,0,0,0,0,0,0,,,,
1416337664.99992,pg_catalog,pg_range,0,0,2482,0,0,0,0,0,0,0,0,0,954,4010,,,,
1416337664.99992,pg_toast,pg_toast_2609,0,0,0,0,0,0,0,0,0,0,0,0,0,0,,,,
1416337664.99992,pg_catalog,pg_opclass,132,132,61775,692557,0,0,0,0,0,0,487,275252,1000,75453,,,,
1416337664.99992,information_schema,sql_packages,0,0,,,0,0,0,0,0,0,0,0,,,0,0,0,0
1416337664.99992,pg_catalog,pg_rewrite,0,0,2357,1826,177,0,177,0,111,10,1234,2184,563,3463,540,602,316,2692
1416337664.99992,pg_toast,pg_toast_1255,0,0,0,0,0,0,0,0,0,0,0,0,0,0,,,,
1416337664.99992,pg_catalog,pg_seclabel,0,0,1385,0,0,0,0,0,0,0,0,0,125,1260,0,0,0,0
1416337664.99992,pg_toast,pg_toast_12335,0,0,0,0,0,0,0,0,0,0,0,0,0,0,,,,
1416337664.99992,pg_catalog,pg_ts_parser,0,0,0,0,0,0,0,0,0,0,0,0,0,0,,,,
1416337664.99992,pg_catalog,pg_trigger,0,0,0,0,0,0,0,0,0,0,0,0,0,0,0,0,0,0
1416337664.99992,pg_toast,pg_toast_12340,0,0,0,0,0,0,0,0,0,0,0,0,0,0,,,,
1416337664.99992,pg_catalog,pg_shseclabel,0,0,0,0,0,0,0,0,0,0,0,0,0,0,,,,
1416337664.99992,pg_catalog,pg_event_trigger,0,0,505,0,0,0,0,0,0,0,0,0,146,359,,,,
1416337664.99992,information_schema,sql_features,0,0,,,0,0,0,0,0,0,0,0,,,0,0,0,0
1416337664.99992,information_schema,sql_languages,0,0,,,0,0,0,0,0,0,0,0,,,0,0,0,0
1416337664.99992,public,supplier,9,500000,3319887,3327828,100000,0,0,0,100000,0,6607,3337115,591,6658101,,,,
1416337664.99992,pg_catalog,pg_foreign_table,0,0,0,0,0,0,0,0,0,0,0,0,0,0,,,,
1416337664.99992,pg_catalog,pg_extension,0,0,0,0,0,0,0,0,0,0,0,0,0,0,,,,
1416337664.99992,pg_catalog,pg_ts_config,0,0,0,0,0,0,0,0,0,0,0,0,0,0,,,,
1416337664.99992,pg_catalog,pg_shdescription,0,0,0,0,0,0,0,0,0,0,0,0,0,0,0,0,0,0
1416337664.99992,pg_catalog,pg_cast,0,0,342994,81315,0,0,0,0,0,0,465,80850,288,352480,,,,
1416337664.99992,pg_catalog,pg_amop,0,0,91794,133955,0,0,0,0,0,0,683,133272,1508,194060,,,,
1416337664.99992,pg_catalog,pg_user_mapping,0,0,0,0,0,0,0,0,0,0,0,0,0,0,,,,
1416337664.99992,pg_toast,pg_toast_12315,0,0,0,0,0,0,0,0,0,0,0,0,0,0,,,,
1416337664.99992,pg_catalog,pg_type,0,0,242705,240330,625,0,625,0,360,2,1594,241544,2378,498689,,,,
1416337664.99992,pg_catalog,pg_largeobject,0,0,0,0,0,0,0,0,0,0,0,0,0,0,,,,
1416337664.99992,public,region,6403,31990,14,14,5,0,0,0,5,0,3,6411,6,13,,,,
1416337664.99992,information_schema,sql_parts,0,0,,,0,0,0,0,0,0,0,0,,,0,0,0,0
1416337664.99992,public,orders,12,90030000,5187229,5187229,15015000,0,0,0,15015000,0,1425764,6332656,85176,15640196,,,,
1416337664.99992,pg_catalog,pg_ts_config_map,0,0,0,0,0,0,0,0,0,0,0,0,0,0,,,,
1416337664.99992,pg_catalog,pg_largeobject_metadata,0,0,0,0,0,0,0,0,0,0,0,0,0,0,,,,
1416337664.99992,pg_catalog,pg_am,10643,10643,0,0,0,0,0,0,0,0,156,10487,0,0,,,,
1416337664.99992,pg_catalog,pg_ts_template,0,0,0,0,0,0,0,0,0,0,0,0,0,0,,,,
1416337664.99992,pg_catalog,pg_foreign_server,0,0,0,0,0,0,0,0,0,0,0,0,0,0,,,,
1416337664.99992,pg_catalog,pg_namespace,390,32760,53823,43770,0,0,0,0,0,0,223,44327,674,63917,,,,
1416337664.99992,pg_toast,pg_toast_2619,0,0,43054,143946,1560,0,1322,0,261,20,13634,56574,509,49656,,,,
1416337664.99992,pg_catalog,pg_authid,221,221,20237,20237,0,0,0,0,0,0,129,20329,618,39856,,,,
1416337664.99992,pg_catalog,pg_default_acl,0,0,1260,0,0,0,0,0,0,0,0,0,135,1125,,,,
1416337664.99992,pg_catalog,pg_shdepend,0,0,1700,315,0,0,0,0,0,0,146,169,551,1779,,,,
1416337664.99992,pg_catalog,pg_constraint,0,0,80,40,40,0,40,0,10,0,22,228,40,404,0,0,0,0
1416337664.99992,information_schema,sql_implementation_info,0,0,,,0,0,0,0,0,0,0,0,,,0,0,0,0
1416337664.99992,pg_catalog,pg_index,1343,124117,115294,163460,228,0,228,0,143,0,1417,164081,781,131700,,,,
1416337664.99992,pg_catalog,pg_ts_dict,0,0,0,0,0,0,0,0,0,0,0,0,0,0,,,,
1416337664.99992,pg_toast,pg_toast_2604,0,0,0,0,0,0,0,0,0,0,0,0,0,0,,,,
1416337664.99992,public,time_statistics,12,89,,,14,12,0,12,14,12,3,35,,,,,,
1416337664.99992,public,partsupp,6,32000000,48206,1700214,8000000,0,0,0,8000000,0,640022,2444579,34099,115392,,,,
1416337664.99992,pg_toast,pg_toast_12325,0,0,0,0,0,0,0,0,0,0,0,0,0,0,,,,
1416337664.99992,information_schema,sql_sizing,0,0,,,0,0,0,0,0,0,0,0,,,0,0,0,0
1416337664.99992,public,lineitem,15,659965806,1984039,65798742,60045669,0,0,0,60045913,0,9433957,26156145,546235,9020758,,,,
1416337664.99992,pg_catalog,pg_proc,0,0,89457,132601,0,0,0,0,0,0,7755,88568,3833,194407,0,0,0,0
1416337725.00069,pg_catalog,pg_attrdef,0,0,0,0,0,0,0,0,0,0,0,0,0,0,0,0,0,0
1416337725.00069,pg_catalog,pg_db_role_setting,0,0,43140,0,0,0,0,0,0,0,0,0,133,43007,0,0,0,0
1416337725.00069,pg_catalog,pg_rowsecurity,0,0,0,0,0,0,0,0,0,0,0,0,0,0,,,,
1416337725.00069,pg_catalog,pg_description,0,0,1389,0,0,0,0,0,0,0,0,0,387,2707,0,0,0,0
1416337725.00069,pg_catalog,pg_foreign_data_wrapper,0,0,0,0,0,0,0,0,0,0,0,0,0,0,,,,
1416337725.00069,pg_catalog,pg_conversion,0,0,0,0,0,0,0,0,0,0,0,0,0,0,,,,
1416337725.00069,public,nation,21,250,25642,25642,25,0,0,0,25,0,5,25649,10,25647,,,,
1416337725.00069,pg_catalog,pg_class,3200,713116,246650,224436,544,178,544,172,337,50,3186,259395,2305,516279,,,,
1416337725.00069,pg_catalog,pg_opfamily,0,0,0,0,0,0,0,0,0,0,0,0,0,0,,,,
1416337725.00069,pg_catalog,pg_auth_members,0,0,0,0,0,0,0,0,0,0,0,0,0,0,,,,
1416337725.00069,pg_catalog,pg_operator,0,0,79057,417278,0,0,0,0,0,0,2228,288404,1954,171250,,,,
1416337725.00069,pg_toast,pg_toast_12345,0,0,0,0,0,0,0,0,0,0,0,0,0,0,,,,
1416337725.00069,public,part,10,16000000,62,2356707,2000000,0,0,0,2000000,0,190188,409566,6630,188,,,,
1416337725.00069,pg_catalog,pg_attribute,726,4950,204171,461669,1950,50,1950,50,2514,14,7996,223766,1921,426521,,,,
1416337725.00069,pg_catalog,pg_tablespace,0,0,7252,7252,0,0,0,0,0,0,217,7035,448,14084,,,,
1416337725.00069,pg_catalog,pg_statistic,0,0,57457,55485,415,1206,418,1122,464,77,5769,53296,659,122689,13675,56612,509,49717
1416337725.00069,pg_catalog,pg_aggregate,0,0,5517,5517,0,0,0,0,0,0,404,5113,915,8695,,,,
1416337725.00069,pg_catalog,pg_inherits,0,0,316,0,0,0,0,0,0,0,0,0,135,181,,,,
1416337725.00069,pg_catalog,pg_enum,0,0,0,0,0,0,0,0,0,0,0,0,0,0,,,,
1416337725.00069,pg_toast,pg_toast_2396,0,0,0,0,0,0,0,0,0,0,0,0,0,0,,,,
1416337725.00069,pg_catalog,pg_pltemplate,0,0,0,0,0,0,0,0,0,0,0,0,0,0,,,,
1416337725.00069,pg_toast,pg_toast_2618,0,0,939,2998,0,0,0,0,0,0,541,608,159,1355,,,,
1416337725.00069,public,customer,12,12000000,64,1171847,1500000,0,0,0,1500000,0,126206,558817,3600,188,,,,
1416337725.00069,pg_toast,pg_toast_3596,0,0,0,0,0,0,0,0,0,0,0,0,0,0,,,,
1416337725.00069,pg_toast,pg_toast_2606,0,0,0,0,0,0,0,0,0,0,0,0,0,0,,,,
1416337725.00069,pg_toast,pg_toast_2964,0,0,0,0,0,0,0,0,0,0,0,0,0,0,,,,
1416337725.00069,pg_toast,pg_toast_12330,0,0,0,0,0,0,0,0,0,0,0,0,0,0,,,,
1416337725.00069,pg_catalog,pg_database,877,3388,35001,35001,0,0,0,0,0,0,102,35776,604,55947,,,,
1416337725.00069,information_schema,sql_sizing_profiles,0,0,,,0,0,0,0,0,0,0,0,,,0,0,0,0
1416337725.00069,pg_toast,pg_toast_2620,0,0,0,0,0,0,0,0,0,0,0,0,0,0,,,,
1416337725.00069,pg_catalog,pg_depend,0,0,13075,14068,2404,0,2404,0,6685,1254,2359,16856,3348,33859,,,,
1416337725.00069,pg_catalog,pg_language,0,0,0,0,0,0,0,0,0,0,0,0,0,0,,,,
1416337725.00069,pg_toast,pg_toast_12320,0,0,0,0,0,0,0,0,0,0,0,0,0,0,,,,
1416337725.00069,pg_catalog,pg_amproc,132,264,44893,70770,0,0,0,0,0,0,218,44078,409,99817,,,,
1416337725.00069,pg_catalog,pg_collation,0,0,0,0,0,0,0,0,0,0,0,0,0,0,,,,
1416337725.00069,pg_catalog,pg_range,0,0,2488,0,0,0,0,0,0,0,0,0,954,4022,,,,
1416337725.00069,pg_toast,pg_toast_2609,0,0,0,0,0,0,0,0,0,0,0,0,0,0,,,,
1416337725.00069,pg_catalog,pg_opclass,132,132,61884,693805,0,0,0,0,0,0,487,275749,1000,75596,,,,
1416337725.00069,information_schema,sql_packages,0,0,,,0,0,0,0,0,0,0,0,,,0,0,0,0
1416337725.00069,pg_catalog,pg_rewrite,0,0,2371,1837,178,0,178,0,111,11,1239,2196,565,3485,541,608,318,2710
1416337725.00069,pg_toast,pg_toast_1255,0,0,0,0,0,0,0,0,0,0,0,0,0,0,,,,
1416337725.00069,pg_catalog,pg_seclabel,0,0,1389,0,0,0,0,0,0,0,0,0,126,1263,0,0,0,0
1416337725.00069,pg_toast,pg_toast_12335,0,0,0,0,0,0,0,0,0,0,0,0,0,0,,,,
1416337725.00069,pg_catalog,pg_ts_parser,0,0,0,0,0,0,0,0,0,0,0,0,0,0,,,,
1416337725.00069,pg_catalog,pg_trigger,0,0,0,0,0,0,0,0,0,0,0,0,0,0,0,0,0,0
1416337725.00069,pg_toast,pg_toast_12340,0,0,0,0,0,0,0,0,0,0,0,0,0,0,,,,
1416337725.00069,pg_catalog,pg_shseclabel,0,0,0,0,0,0,0,0,0,0,0,0,0,0,,,,
1416337725.00069,pg_catalog,pg_event_trigger,0,0,506,0,0,0,0,0,0,0,0,0,147,359,,,,
1416337725.00069,information_schema,sql_features,0,0,,,0,0,0,0,0,0,0,0,,,0,0,0,0
1416337725.00069,information_schema,sql_languages,0,0,,,0,0,0,0,0,0,0,0,,,0,0,0,0
1416337725.00069,public,supplier,9,500000,3319899,3356799,100000,0,0,0,100000,0,8899,3339093,671,6658132,,,,
1416337725.00069,pg_catalog,pg_foreign_table,0,0,0,0,0,0,0,0,0,0,0,0,0,0,,,,
1416337725.00069,pg_catalog,pg_extension,0,0,0,0,0,0,0,0,0,0,0,0,0,0,,,,
1416337725.00069,pg_catalog,pg_ts_config,0,0,0,0,0,0,0,0,0,0,0,0,0,0,,,,
1416337725.00069,pg_catalog,pg_shdescription,0,0,0,0,0,0,0,0,0,0,0,0,0,0,0,0,0,0
1416337725.00069,pg_catalog,pg_cast,0,0,343656,81470,0,0,0,0,0,0,465,81005,288,353166,,,,
1416337725.00069,pg_catalog,pg_amop,0,0,91955,134192,0,0,0,0,0,0,683,133509,1509,194409,,,,
1416337725.00069,pg_catalog,pg_user_mapping,0,0,0,0,0,0,0,0,0,0,0,0,0,0,,,,
1416337725.00069,pg_toast,pg_toast_12315,0,0,0,0,0,0,0,0,0,0,0,0,0,0,,,,
1416337725.00069,pg_catalog,pg_type,0,0,243247,240865,627,0,627,0,360,4,1598,242084,2381,499806,,,,
1416337725.00069,pg_catalog,pg_largeobject,0,0,0,0,0,0,0,0,0,0,0,0,0,0,,,,
1416337725.00069,public,region,6403,31990,14,14,5,0,0,0,5,0,3,6411,6,13,,,,
1416337725.00069,information_schema,sql_parts,0,0,,,0,0,0,0,0,0,0,0,,,0,0,0,0
1416337725.00069,public,orders,14,120060000,5187234,5761315,15015000,0,0,0,15015000,0,1425764,7068065,86746,15640217,,,,
1416337725.00069,pg_catalog,pg_ts_config_map,0,0,0,0,0,0,0,0,0,0,0,0,0,0,,,,
1416337725.00069,pg_catalog,pg_largeobject_metadata,0,0,0,0,0,0,0,0,0,0,0,0,0,0,,,,
1416337725.00069,pg_catalog,pg_am,10668,10668,0,0,0,0,0,0,0,0,156,10512,0,0,,,,
1416337725.00069,pg_catalog,pg_ts_template,0,0,0,0,0,0,0,0,0,0,0,0,0,0,,,,
1416337725.00069,pg_catalog,pg_foreign_server,0,0,0,0,0,0,0,0,0,0,0,0,0,0,,,,
1416337725.00069,pg_catalog,pg_namespace,392,32928,54035,43958,0,0,0,0,0,0,223,44519,675,64155,,,,
1416337725.00069,pg_toast,pg_toast_2619,0,0,43106,144125,1560,0,1322,0,261,20,13675,56612,509,49717,,,,
1416337725.00069,pg_catalog,pg_authid,222,222,20283,20283,0,0,0,0,0,0,129,20376,618,39948,,,,
1416337725.00069,pg_catalog,pg_default_acl,0,0,1264,0,0,0,0,0,0,0,0,0,136,1128,,,,
1416337725.00069,pg_catalog,pg_shdepend,0,0,1705,316,0,0,0,0,0,0,147,169,555,1782,,,,
1416337725.00069,pg_catalog,pg_constraint,0,0,80,40,40,0,40,0,10,0,22,228,40,404,0,0,0,0
1416337725.00069,information_schema,sql_implementation_info,0,0,,,0,0,0,0,0,0,0,0,,,0,0,0,0
1416337725.00069,pg_catalog,pg_index,1348,124832,115471,163705,228,0,228,0,143,0,1417,164341,781,131914,,,,
1416337725.00069,pg_catalog,pg_ts_dict,0,0,0,0,0,0,0,0,0,0,0,0,0,0,,,,
1416337725.00069,pg_toast,pg_toast_2604,0,0,0,0,0,0,0,0,0,0,0,0,0,0,,,,
1416337725.00069,public,time_statistics,18,188,,,20,18,0,18,20,18,3,53,,,,,,
1416337725.00069,public,partsupp,7,40000000,56164,2336064,8000000,0,0,0,8000000,0,856134,3035275,38577,136442,,,,
1416337725.00069,pg_toast,pg_toast_12325,0,0,0,0,0,0,0,0,0,0,0,0,0,0,,,,
1416337725.00069,information_schema,sql_sizing,0,0,,,0,0,0,0,0,0,0,0,,,0,0,0,0
1416337725.00069,public,lineitem,16,720011475,2558127,70816517,60045669,0,0,0,60045913,0,11400532,27086436,661856,11215329,,,,
1416337725.00069,pg_catalog,pg_proc,0,0,89665,132911,0,0,0,0,0,0,7764,88795,3838,194866,0,0,0,0
1416337785.00539,pg_catalog,pg_attrdef,0,0,0,0,0,0,0,0,0,0,0,0,0,0,0,0,0,0
1416337785.00539,pg_catalog,pg_db_role_setting,0,0,43168,0,0,0,0,0,0,0,0,0,133,43035,0,0,0,0
1416337785.00539,pg_catalog,pg_rowsecurity,0,0,0,0,0,0,0,0,0,0,0,0,0,0,,,,
1416337785.00539,pg_catalog,pg_description,0,0,1389,0,0,0,0,0,0,0,0,0,387,2707,0,0,0,0
1416337785.00539,pg_catalog,pg_foreign_data_wrapper,0,0,0,0,0,0,0,0,0,0,0,0,0,0,,,,
1416337785.00539,pg_catalog,pg_conversion,0,0,0,0,0,0,0,0,0,0,0,0,0,0,,,,
1416337785.00539,public,nation,21,250,25642,25642,25,0,0,0,25,0,5,25649,10,25647,,,,
1416337785.00539,pg_catalog,pg_class,3210,716166,246986,224772,544,178,544,172,337,50,3187,259861,2306,516962,,,,
1416337785.00539,pg_catalog,pg_opfamily,0,0,0,0,0,0,0,0,0,0,0,0,0,0,,,,
1416337785.00539,pg_catalog,pg_auth_members,0,0,0,0,0,0,0,0,0,0,0,0,0,0,,,,
1416337785.00539,pg_catalog,pg_operator,0,0,79073,417294,0,0,0,0,0,0,2228,288420,1954,171289,,,,
1416337785.00539,pg_toast,pg_toast_12345,0,0,0,0,0,0,0,0,0,0,0,0,0,0,,,,
1416337785.00539,public,part,10,16000000,62,2356707,2000000,0,0,0,2000000,0,190188,409566,6630,188,,,,
1416337785.00539,pg_catalog,pg_attribute,726,4950,204353,461954,1950,50,1950,50,2514,14,8004,223944,1921,426888,,,,
1416337785.00539,pg_catalog,pg_tablespace,0,0,7257,7257,0,0,0,0,0,0,217,7040,448,14094,,,,
1416337785.00539,pg_catalog,pg_statistic,0,0,57478,55502,415,1206,418,1122,464,77,5775,53307,660,122734,13676,56614,509,49723
1416337785.00539,pg_catalog,pg_aggregate,0,0,5518,5518,0,0,0,0,0,0,404,5114,915,8697,,,,
1416337785.00539,pg_catalog,pg_inherits,0,0,316,0,0,0,0,0,0,0,0,0,135,181,,,,
1416337785.00539,pg_catalog,pg_enum,0,0,0,0,0,0,0,0,0,0,0,0,0,0,,,,
1416337785.00539,pg_toast,pg_toast_2396,0,0,0,0,0,0,0,0,0,0,0,0,0,0,,,,
1416337785.00539,pg_catalog,pg_pltemplate,0,0,0,0,0,0,0,0,0,0,0,0,0,0,,,,
1416337785.00539,pg_toast,pg_toast_2618,0,0,943,3012,0,0,0,0,0,0,545,609,160,1360,,,,
1416337785.00539,public,customer,12,12000000,64,1171847,1500000,0,0,0,1500000,0,126206,558817,3600,188,,,,
1416337785.00539,pg_toast,pg_toast_3596,0,0,0,0,0,0,0,0,0,0,0,0,0,0,,,,
1416337785.00539,pg_toast,pg_toast_2606,0,0,0,0,0,0,0,0,0,0,0,0,0,0,,,,
1416337785.00539,pg_toast,pg_toast_2964,0,0,0,0,0,0,0,0,0,0,0,0,0,0,,,,
1416337785.00539,pg_toast,pg_toast_12330,0,0,0,0,0,0,0,0,0,0,0,0,0,0,,,,
1416337785.00539,pg_catalog,pg_database,880,3400,35029,35029,0,0,0,0,0,0,102,35807,604,55989,,,,
1416337785.00539,information_schema,sql_sizing_profiles,0,0,,,0,0,0,0,0,0,0,0,,,0,0,0,0
1416337785.00539,pg_toast,pg_toast_2620,0,0,0,0,0,0,0,0,0,0,0,0,0,0,,,,
1416337785.00539,pg_catalog,pg_depend,0,0,13075,14068,2404,0,2404,0,6685,1254,2359,16856,3348,33859,,,,
1416337785.00539,pg_catalog,pg_language,0,0,0,0,0,0,0,0,0,0,0,0,0,0,,,,
1416337785.00539,pg_toast,pg_toast_12320,0,0,0,0,0,0,0,0,0,0,0,0,0,0,,,,
1416337785.00539,pg_catalog,pg_amproc,132,264,44905,70788,0,0,0,0,0,0,218,44090,409,99844,,,,
1416337785.00539,pg_catalog,pg_collation,0,0,0,0,0,0,0,0,0,0,0,0,0,0,,,,
1416337785.00539,pg_catalog,pg_range,0,0,2488,0,0,0,0,0,0,0,0,0,954,4022,,,,
1416337785.00539,pg_toast,pg_toast_2609,0,0,0,0,0,0,0,0,0,0,0,0,0,0,,,,
1416337785.00539,pg_catalog,pg_opclass,132,132,61898,693986,0,0,0,0,0,0,487,275815,1000,75616,,,,
1416337785.00539,information_schema,sql_packages,0,0,,,0,0,0,0,0,0,0,0,,,0,0,0,0
1416337785.00539,pg_catalog,pg_rewrite,0,0,2377,1843,178,0,178,0,111,11,1243,2198,565,3495,545,609,320,2720
1416337785.00539,pg_toast,pg_toast_1255,0,0,0,0,0,0,0,0,0,0,0,0,0,0,,,,
1416337785.00539,pg_catalog,pg_seclabel,0,0,1389,0,0,0,0,0,0,0,0,0,126,1263,0,0,0,0
1416337785.00539,pg_toast,pg_toast_12335,0,0,0,0,0,0,0,0,0,0,0,0,0,0,,,,
1416337785.00539,pg_catalog,pg_ts_parser,0,0,0,0,0,0,0,0,0,0,0,0,0,0,,,,
1416337785.00539,pg_catalog,pg_trigger,0,0,0,0,0,0,0,0,0,0,0,0,0,0,0,0,0,0
1416337785.00539,pg_toast,pg_toast_12340,0,0,0,0,0,0,0,0,0,0,0,0,0,0,,,,
1416337785.00539,pg_catalog,pg_shseclabel,0,0,0,0,0,0,0,0,0,0,0,0,0,0,,,,
1416337785.00539,pg_catalog,pg_event_trigger,0,0,506,0,0,0,0,0,0,0,0,0,147,359,,,,
1416337785.00539,information_schema,sql_features,0,0,,,0,0,0,0,0,0,0,0,,,0,0,0,0
1416337785.00539,information_schema,sql_languages,0,0,,,0,0,0,0,0,0,0,0,,,0,0,0,0
1416337785.00539,public,supplier,9,500000,3319899,3356799,100000,0,0,0,100000,0,8899,3339093,671,6658132,,,,
1416337785.00539,pg_catalog,pg_foreign_table,0,0,0,0,0,0,0,0,0,0,0,0,0,0,,,,
1416337785.00539,pg_catalog,pg_extension,0,0,0,0,0,0,0,0,0,0,0,0,0,0,,,,
1416337785.00539,pg_catalog,pg_ts_config,0,0,0,0,0,0,0,0,0,0,0,0,0,0,,,,
1416337785.00539,pg_catalog,pg_shdescription,0,0,0,0,0,0,0,0,0,0,0,0,0,0,0,0,0,0
1416337785.00539,pg_catalog,pg_cast,0,0,343718,81493,0,0,0,0,0,0,465,81028,288,353232,,,,
1416337785.00539,pg_catalog,pg_amop,0,0,91982,134225,0,0,0,0,0,0,683,133542,1509,194469,,,,
1416337785.00539,pg_catalog,pg_user_mapping,0,0,0,0,0,0,0,0,0,0,0,0,0,0,,,,
1416337785.00539,pg_toast,pg_toast_12315,0,0,0,0,0,0,0,0,0,0,0,0,0,0,,,,
1416337785.00539,pg_catalog,pg_type,0,0,243323,240941,627,0,627,0,360,4,1598,242160,2381,499962,,,,
1416337785.00539,pg_catalog,pg_largeobject,0,0,0,0,0,0,0,0,0,0,0,0,0,0,,,,
1416337785.00539,public,region,6403,31990,14,14,5,0,0,0,5,0,3,6411,6,13,,,,
1416337785.00539,information_schema,sql_parts,0,0,,,0,0,0,0,0,0,0,0,,,0,0,0,0
1416337785.00539,public,orders,14,120060000,5187234,5761315,15015000,0,0,0,15015000,0,1425764,7068065,86746,15640217,,,,
1416337785.00539,pg_catalog,pg_ts_config_map,0,0,0,0,0,0,0,0,0,0,0,0,0,0,,,,
1416337785.00539,pg_catalog,pg_largeobject_metadata,0,0,0,0,0,0,0,0,0,0,0,0,0,0,,,,
1416337785.00539,pg_catalog,pg_am,10671,10671,0,0,0,0,0,0,0,0,156,10515,0,0,,,,
1416337785.00539,pg_catalog,pg_ts_template,0,0,0,0,0,0,0,0,0,0,0,0,0,0,,,,
1416337785.00539,pg_catalog,pg_foreign_server,0,0,0,0,0,0,0,0,0,0,0,0,0,0,,,,
1416337785.00539,pg_catalog,pg_namespace,394,33096,54190,44109,0,0,0,0,0,0,224,44673,676,64315,,,,
1416337785.00539,pg_toast,pg_toast_2619,0,0,43109,144131,1560,0,1322,0,261,20,13676,56614,509,49723,,,,
1416337785.00539,pg_catalog,pg_authid,223,223,20293,20293,0,0,0,0,0,0,129,20387,618,39968,,,,
1416337785.00539,pg_catalog,pg_default_acl,0,0,1264,0,0,0,0,0,0,0,0,0,136,1128,,,,
1416337785.00539,pg_catalog,pg_shdepend,0,0,1705,316,0,0,0,0,0,0,147,169,555,1782,,,,
1416337785.00539,pg_catalog,pg_constraint,0,0,80,40,40,0,40,0,10,0,22,228,40,404,0,0,0,0
1416337785.00539,information_schema,sql_implementation_info,0,0,,,0,0,0,0,0,0,0,0,,,0,0,0,0
1416337785.00539,pg_catalog,pg_index,1353,125547,115507,163752,228,0,228,0,143,0,1417,164412,781,131957,,,,
1416337785.00539,pg_catalog,pg_ts_dict,0,0,0,0,0,0,0,0,0,0,0,0,0,0,,,,
1416337785.00539,pg_toast,pg_toast_2604,0,0,0,0,0,0,0,0,0,0,0,0,0,0,,,,
1416337785.00539,public,time_statistics,18,188,,,20,18,0,18,20,18,3,53,,,,,,
1416337785.00539,public,partsupp,7,40000000,56164,2336064,8000000,0,0,0,8000000,0,856134,3035275,38577,136442,,,,
1416337785.00539,pg_toast,pg_toast_12325,0,0,0,0,0,0,0,0,0,0,0,0,0,0,,,,
1416337785.00539,information_schema,sql_sizing,0,0,,,0,0,0,0,0,0,0,0,,,0,0,0,0
1416337785.00539,public,lineitem,16,720011475,2558127,70816517,60045669,0,0,0,60045913,0,11400532,27086436,661856,11215329,,,,
1416337785.00539,pg_catalog,pg_proc,0,0,89737,133011,0,0,0,0,0,0,7767,88880,3838,195018,0,0,0,0
1416337845.00557,pg_catalog,pg_attrdef,0,0,0,0,0,0,0,0,0,0,0,0,0,0,0,0,0,0
1416337845.00557,pg_catalog,pg_db_role_setting,0,0,43244,0,0,0,0,0,0,0,0,0,133,43111,0,0,0,0
1416337845.00557,pg_catalog,pg_rowsecurity,0,0,0,0,0,0,0,0,0,0,0,0,0,0,,,,
1416337845.00557,pg_catalog,pg_description,0,0,1389,0,0,0,0,0,0,0,0,0,387,2707,0,0,0,0
1416337845.00557,pg_catalog,pg_foreign_data_wrapper,0,0,0,0,0,0,0,0,0,0,0,0,0,0,,,,
1416337845.00557,pg_catalog,pg_conversion,0,0,0,0,0,0,0,0,0,0,0,0,0,0,,,,
1416337845.00557,public,nation,22,275,25653,25677,25,0,0,0,25,0,5,25661,12,25658,,,,
1416337845.00557,pg_catalog,pg_class,3220,719216,247529,225294,544,178,544,172,337,50,3187,260514,2307,518091,,,,
1416337845.00557,pg_catalog,pg_opfamily,0,0,0,0,0,0,0,0,0,0,0,0,0,0,,,,
1416337845.00557,pg_catalog,pg_auth_members,0,0,0,0,0,0,0,0,0,0,0,0,0,0,,,,
1416337845.00557,pg_catalog,pg_operator,0,0,79182,417961,0,0,0,0,0,0,2228,288875,1956,171530,,,,
1416337845.00557,pg_toast,pg_toast_12345,0,0,0,0,0,0,0,0,0,0,0,0,0,0,,,,
1416337845.00557,public,part,10,16000000,78,2367149,2000000,0,0,0,2000000,0,199459,409567,7906,748,,,,
1416337845.00557,pg_catalog,pg_attribute,726,4950,204752,462728,1950,50,1950,50,2514,14,8011,224358,1921,427715,,,,
1416337845.00557,pg_catalog,pg_tablespace,0,0,7270,7270,0,0,0,0,0,0,217,7053,448,14120,,,,
1416337845.00557,pg_catalog,pg_statistic,0,0,57573,55577,415,1206,418,1122,464,77,5782,53375,660,122938,13706,56647,509,49772
1416337845.00557,pg_catalog,pg_aggregate,0,0,5526,5526,0,0,0,0,0,0,404,5122,915,8710,,,,
1416337845.00557,pg_catalog,pg_inherits,0,0,316,0,0,0,0,0,0,0,0,0,135,181,,,,
1416337845.00557,pg_catalog,pg_enum,0,0,0,0,0,0,0,0,0,0,0,0,0,0,,,,
1416337845.00557,pg_toast,pg_toast_2396,0,0,0,0,0,0,0,0,0,0,0,0,0,0,,,,
1416337845.00557,pg_catalog,pg_pltemplate,0,0,0,0,0,0,0,0,0,0,0,0,0,0,,,,
1416337845.00557,pg_toast,pg_toast_2618,0,0,949,3030,0,0,0,0,0,0,546,615,160,1370,,,,
1416337845.00557,public,customer,13,13500000,77,1471348,1500000,0,0,0,1500000,0,196760,668863,4440,214,,,,
1416337845.00557,pg_toast,pg_toast_3596,0,0,0,0,0,0,0,0,0,0,0,0,0,0,,,,
1416337845.00557,pg_toast,pg_toast_2606,0,0,0,0,0,0,0,0,0,0,0,0,0,0,,,,
1416337845.00557,pg_toast,pg_toast_2964,0,0,0,0,0,0,0,0,0,0,0,0,0,0,,,,
1416337845.00557,pg_toast,pg_toast_12330,0,0,0,0,0,0,0,0,0,0,0,0,0,0,,,,
1416337845.00557,pg_catalog,pg_database,883,3412,35094,35094,0,0,0,0,0,0,102,35875,604,56092,,,,
1416337845.00557,information_schema,sql_sizing_profiles,0,0,,,0,0,0,0,0,0,0,0,,,0,0,0,0
1416337845.00557,pg_toast,pg_toast_2620,0,0,0,0,0,0,0,0,0,0,0,0,0,0,,,,
1416337845.00557,pg_catalog,pg_depend,0,0,13075,14068,2404,0,2404,0,6685,1254,2359,16856,3348,33859,,,,
1416337845.00557,pg_catalog,pg_language,0,0,0,0,0,0,0,0,0,0,0,0,0,0,,,,
1416337845.00557,pg_toast,pg_toast_12320,0,0,0,0,0,0,0,0,0,0,0,0,0,0,,,,
1416337845.00557,pg_catalog,pg_amproc,132,264,44972,70895,0,0,0,0,0,0,218,44156,409,99999,,,,
1416337845.00557,pg_catalog,pg_collation,0,0,0,0,0,0,0,0,0,0,0,0,0,0,,,,
1416337845.00557,pg_catalog,pg_range,0,0,2492,0,0,0,0,0,0,0,0,0,954,4030,,,,
1416337845.00557,pg_toast,pg_toast_2609,0,0,0,0,0,0,0,0,0,0,0,0,0,0,,,,
1416337845.00557,pg_catalog,pg_opclass,132,132,61985,694931,0,0,0,0,0,0,487,276190,1000,75731,,,,
1416337845.00557,information_schema,sql_packages,0,0,,,0,0,0,0,0,0,0,0,,,0,0,0,0
1416337845.00557,pg_catalog,pg_rewrite,0,0,2385,1851,178,0,178,0,111,11,1243,2206,565,3509,546,615,320,2740
1416337845.00557,pg_toast,pg_toast_1255,0,0,0,0,0,0,0,0,0,0,0,0,0,0,,,,
1416337845.00557,pg_catalog,pg_seclabel,0,0,1389,0,0,0,0,0,0,0,0,0,126,1263,0,0,0,0
1416337845.00557,pg_toast,pg_toast_12335,0,0,0,0,0,0,0,0,0,0,0,0,0,0,,,,
1416337845.00557,pg_catalog,pg_ts_parser,0,0,0,0,0,0,0,0,0,0,0,0,0,0,,,,
1416337845.00557,pg_catalog,pg_trigger,0,0,0,0,0,0,0,0,0,0,0,0,0,0,0,0,0,0
1416337845.00557,pg_toast,pg_toast_12340,0,0,0,0,0,0,0,0,0,0,0,0,0,0,,,,
1416337845.00557,pg_catalog,pg_shseclabel,0,0,0,0,0,0,0,0,0,0,0,0,0,0,,,,
1416337845.00557,pg_catalog,pg_event_trigger,0,0,506,0,0,0,0,0,0,0,0,0,147,359,,,,
1416337845.00557,information_schema,sql_features,0,0,,,0,0,0,0,0,0,0,0,,,0,0,0,0
1416337845.00557,information_schema,sql_languages,0,0,,,0,0,0,0,0,0,0,0,,,0,0,0,0
1416337845.00557,public,supplier,10,600000,3319903,3356803,100000,0,0,0,100000,0,11007,3339168,675,6658139,,,,
1416337845.00557,pg_catalog,pg_foreign_table,0,0,0,0,0,0,0,0,0,0,0,0,0,0,,,,
1416337845.00557,pg_catalog,pg_extension,0,0,0,0,0,0,0,0,0,0,0,0,0,0,,,,
1416337845.00557,pg_catalog,pg_ts_config,0,0,0,0,0,0,0,0,0,0,0,0,0,0,,,,
1416337845.00557,pg_catalog,pg_shdescription,0,0,0,0,0,0,0,0,0,0,0,0,0,0,0,0,0,0
1416337845.00557,pg_catalog,pg_cast,0,0,344224,81612,0,0,0,0,0,0,465,81147,288,353756,,,,
1416337845.00557,pg_catalog,pg_amop,0,0,92117,134422,0,0,0,0,0,0,683,133739,1511,194759,,,,
1416337845.00557,pg_catalog,pg_user_mapping,0,0,0,0,0,0,0,0,0,0,0,0,0,0,,,,
1416337845.00557,pg_toast,pg_toast_12315,0,0,0,0,0,0,0,0,0,0,0,0,0,0,,,,
1416337845.00557,pg_catalog,pg_type,0,0,243751,241369,627,0,627,0,360,4,1598,242588,2382,500838,,,,
1416337845.00557,pg_catalog,pg_largeobject,0,0,0,0,0,0,0,0,0,0,0,0,0,0,,,,
1416337845.00557,public,region,6404,31995,16,16,5,0,0,0,5,0,4,6413,8,14,,,,
1416337845.00557,information_schema,sql_parts,0,0,,,0,0,0,0,0,0,0,0,,,0,0,0,0
1416337845.00557,public,orders,14,120060000,5187242,8613287,15015000,0,0,0,15015000,0,1847372,7128100,94549,15640228,,,,
1416337845.00557,pg_catalog,pg_ts_config_map,0,0,0,0,0,0,0,0,0,0,0,0,0,0,,,,
1416337845.00557,pg_catalog,pg_largeobject_metadata,0,0,0,0,0,0,0,0,0,0,0,0,0,0,,,,
1416337845.00557,pg_catalog,pg_am,10692,10692,0,0,0,0,0,0,0,0,156,10536,0,0,,,,
1416337845.00557,pg_catalog,pg_ts_template,0,0,0,0,0,0,0,0,0,0,0,0,0,0,,,,
1416337845.00557,pg_catalog,pg_foreign_server,0,0,0,0,0,0,0,0,0,0,0,0,0,0,,,,
1416337845.00557,pg_catalog,pg_namespace,396,33264,54386,44287,0,0,0,0,0,0,224,44855,676,64531,,,,
1416337845.00557,pg_toast,pg_toast_2619,0,0,43151,144279,1560,0,1322,0,261,20,13706,56647,509,49772,,,,
1416337845.00557,pg_catalog,pg_authid,224,224,20327,20327,0,0,0,0,0,0,129,20422,618,40036,,,,
1416337845.00557,pg_catalog,pg_default_acl,0,0,1264,0,0,0,0,0,0,0,0,0,136,1128,,,,
1416337845.00557,pg_catalog,pg_shdepend,0,0,1705,316,0,0,0,0,0,0,147,169,555,1782,,,,
1416337845.00557,pg_catalog,pg_constraint,0,0,80,40,40,0,40,0,10,0,22,228,40,404,0,0,0,0
1416337845.00557,information_schema,sql_implementation_info,0,0,,,0,0,0,0,0,0,0,0,,,0,0,0,0
1416337845.00557,pg_catalog,pg_index,1358,126262,115655,163961,228,0,228,0,143,0,1417,164641,781,132136,,,,
1416337845.00557,pg_catalog,pg_ts_dict,0,0,0,0,0,0,0,0,0,0,0,0,0,0,,,,
1416337845.00557,pg_toast,pg_toast_2604,0,0,0,0,0,0,0,0,0,0,0,0,0,0,,,,
1416337845.00557,public,time_statistics,22,274,,,24,22,0,22,24,22,3,65,,,,,,
1416337845.00557,public,partsupp,7,40000000,56164,2336064,8000000,0,0,0,8000000,0,856134,3035275,38577,136442,,,,
1416337845.00557,pg_toast,pg_toast_12325,0,0,0,0,0,0,0,0,0,0,0,0,0,0,,,,
1416337845.00557,information_schema,sql_sizing,0,0,,,0,0,0,0,0,0,0,0,,,0,0,0,0
1416337845.00557,public,lineitem,17,780057144,3021652,87476155,60045669,0,0,0,60045913,0,12654508,28502558,864837,12914738,,,,
1416337845.00557,pg_catalog,pg_proc,0,0,89922,133273,0,0,0,0,0,0,7780,89076,3841,195421,0,0,0,0
1416337905.00908,pg_catalog,pg_attrdef,0,0,0,0,0,0,0,0,0,0,0,0,0,0,0,0,0,0
1416337905.00908,pg_catalog,pg_db_role_setting,0,0,43296,0,0,0,0,0,0,0,0,0,133,43163,0,0,0,0
1416337905.00908,pg_catalog,pg_rowsecurity,0,0,0,0,0,0,0,0,0,0,0,0,0,0,,,,
1416337905.00908,pg_catalog,pg_description,0,0,1389,0,0,0,0,0,0,0,0,0,387,2707,0,0,0,0
1416337905.00908,pg_catalog,pg_foreign_data_wrapper,0,0,0,0,0,0,0,0,0,0,0,0,0,0,,,,
1416337905.00908,pg_catalog,pg_conversion,0,0,0,0,0,0,0,0,0,0,0,0,0,0,,,,
1416337905.00908,public,nation,24,325,25661,25685,25,0,0,0,25,0,5,25671,12,25667,,,,
1416337905.00908,pg_catalog,pg_class,3230,722266,247962,225716,544,178,544,172,337,50,3188,261066,2307,518983,,,,
1416337905.00908,pg_catalog,pg_opfamily,0,0,0,0,0,0,0,0,0,0,0,0,0,0,,,,
1416337905.00908,pg_catalog,pg_auth_members,0,0,0,0,0,0,0,0,0,0,0,0,0,0,,,,
1416337905.00908,pg_catalog,pg_operator,0,0,79239,418179,0,0,0,0,0,0,2228,289029,1957,171658,,,,
1416337905.00908,pg_toast,pg_toast_12345,0,0,0,0,0,0,0,0,0,0,0,0,0,0,,,,
1416337905.00908,public,part,10,16000000,78,2367149,2000000,0,0,0,2000000,0,199459,409567,7906,748,,,,
1416337905.00908,pg_catalog,pg_attribute,726,4950,205020,463219,1950,50,1950,50,2514,14,8011,224638,1921,428264,,,,
1416337905.00908,pg_catalog,pg_tablespace,0,0,7279,7279,0,0,0,0,0,0,217,7062,448,14138,,,,
1416337905.00908,pg_catalog,pg_statistic,0,0,57624,55618,415,1206,418,1122,464,77,5782,53416,660,123048,13710,56673,509,49802
1416337905.00908,pg_catalog,pg_aggregate,0,0,5529,5529,0,0,0,0,0,0,404,5125,915,8716,,,,
1416337905.00908,pg_catalog,pg_inherits,0,0,316,0,0,0,0,0,0,0,0,0,135,181,,,,
1416337905.00908,pg_catalog,pg_enum,0,0,0,0,0,0,0,0,0,0,0,0,0,0,,,,
1416337905.00908,pg_toast,pg_toast_2396,0,0,0,0,0,0,0,0,0,0,0,0,0,0,,,,
1416337905.00908,pg_catalog,pg_pltemplate,0,0,0,0,0,0,0,0,0,0,0,0,0,0,,,,
1416337905.00908,pg_toast,pg_toast_2618,0,0,953,3044,0,0,0,0,0,0,549,617,160,1376,,,,
1416337905.00908,public,customer,14,15000000,81,1471352,1500000,0,0,0,1500000,0,196760,704145,4440,231,,,,
1416337905.00908,pg_toast,pg_toast_3596,0,0,0,0,0,0,0,0,0,0,0,0,0,0,,,,
1416337905.00908,pg_toast,pg_toast_2606,0,0,0,0,0,0,0,0,0,0,0,0,0,0,,,,
1416337905.00908,pg_toast,pg_toast_2964,0,0,0,0,0,0,0,0,0,0,0,0,0,0,,,,
1416337905.00908,pg_toast,pg_toast_12330,0,0,0,0,0,0,0,0,0,0,0,0,0,0,,,,
1416337905.00908,pg_catalog,pg_database,886,3424,35141,35141,0,0,0,0,0,0,102,35925,604,56165,,,,
1416337905.00908,information_schema,sql_sizing_profiles,0,0,,,0,0,0,0,0,0,0,0,,,0,0,0,0
1416337905.00908,pg_toast,pg_toast_2620,0,0,0,0,0,0,0,0,0,0,0,0,0,0,,,,
1416337905.00908,pg_catalog,pg_depend,0,0,13075,14068,2404,0,2404,0,6685,1254,2359,16856,3348,33859,,,,
1416337905.00908,pg_catalog,pg_language,0,0,0,0,0,0,0,0,0,0,0,0,0,0,,,,
1416337905.00908,pg_toast,pg_toast_12320,0,0,0,0,0,0,0,0,0,0,0,0,0,0,,,,
1416337905.00908,pg_catalog,pg_amproc,132,264,45011,70953,0,0,0,0,0,0,218,44193,409,100088,,,,
1416337905.00908,pg_catalog,pg_collation,0,0,0,0,0,0,0,0,0,0,0,0,0,0,,,,
1416337905.00908,pg_catalog,pg_range,0,0,2494,0,0,0,0,0,0,0,0,0,956,4032,,,,
1416337905.00908,pg_toast,pg_toast_2609,0,0,0,0,0,0,0,0,0,0,0,0,0,0,,,,
1416337905.00908,pg_catalog,pg_opclass,132,132,62028,695384,0,0,0,0,0,0,487,276369,1000,75790,,,,
1416337905.00908,information_schema,sql_packages,0,0,,,0,0,0,0,0,0,0,0,,,0,0,0,0
1416337905.00908,pg_catalog,pg_rewrite,0,0,2391,1857,178,0,178,0,111,11,1246,2209,565,3519,549,617,320,2752
1416337905.00908,pg_toast,pg_toast_1255,0,0,0,0,0,0,0,0,0,0,0,0,0,0,,,,
1416337905.00908,pg_catalog,pg_seclabel,0,0,1389,0,0,0,0,0,0,0,0,0,126,1263,0,0,0,0
1416337905.00908,pg_toast,pg_toast_12335,0,0,0,0,0,0,0,0,0,0,0,0,0,0,,,,
1416337905.00908,pg_catalog,pg_ts_parser,0,0,0,0,0,0,0,0,0,0,0,0,0,0,,,,
1416337905.00908,pg_catalog,pg_trigger,0,0,0,0,0,0,0,0,0,0,0,0,0,0,0,0,0,0
1416337905.00908,pg_toast,pg_toast_12340,0,0,0,0,0,0,0,0,0,0,0,0,0,0,,,,
1416337905.00908,pg_catalog,pg_shseclabel,0,0,0,0,0,0,0,0,0,0,0,0,0,0,,,,
1416337905.00908,pg_catalog,pg_event_trigger,0,0,506,0,0,0,0,0,0,0,0,0,147,359,,,,
1416337905.00908,information_schema,sql_features,0,0,,,0,0,0,0,0,0,0,0,,,0,0,0,0
1416337905.00908,information_schema,sql_languages,0,0,,,0,0,0,0,0,0,0,0,,,0,0,0,0
1416337905.00908,public,supplier,11,700000,3319907,3356807,100000,0,0,0,100000,0,11077,3341281,675,6658150,,,,
1416337905.00908,pg_catalog,pg_foreign_table,0,0,0,0,0,0,0,0,0,0,0,0,0,0,,,,
1416337905.00908,pg_catalog,pg_extension,0,0,0,0,0,0,0,0,0,0,0,0,0,0,,,,
1416337905.00908,pg_catalog,pg_ts_config,0,0,0,0,0,0,0,0,0,0,0,0,0,0,,,,
1416337905.00908,pg_catalog,pg_shdescription,0,0,0,0,0,0,0,0,0,0,0,0,0,0,0,0,0,0
1416337905.00908,pg_catalog,pg_cast,0,0,344434,81664,0,0,0,0,0,0,465,81199,288,353976,,,,
1416337905.00908,pg_catalog,pg_amop,0,0,92184,134518,0,0,0,0,0,0,683,133835,1511,194905,,,,
1416337905.00908,pg_catalog,pg_user_mapping,0,0,0,0,0,0,0,0,0,0,0,0,0,0,,,,
1416337905.00908,pg_toast,pg_toast_12315,0,0,0,0,0,0,0,0,0,0,0,0,0,0,,,,
1416337905.00908,pg_catalog,pg_type,0,0,243966,241584,627,0,627,0,360,4,1598,242803,2384,501278,,,,
1416337905.00908,pg_catalog,pg_largeobject,0,0,0,0,0,0,0,0,0,0,0,0,0,0,,,,
1416337905.00908,public,region,6404,31995,16,16,5,0,0,0,5,0,4,6413,8,14,,,,
1416337905.00908,information_schema,sql_parts,0,0,,,0,0,0,0,0,0,0,0,,,0,0,0,0
1416337905.00908,public,orders,16,150090000,5187248,8613293,15015000,0,0,0,15015000,0,1847390,7635132,94552,15640249,,,,
1416337905.00908,pg_catalog,pg_ts_config_map,0,0,0,0,0,0,0,0,0,0,0,0,0,0,,,,
1416337905.00908,pg_catalog,pg_largeobject_metadata,0,0,0,0,0,0,0,0,0,0,0,0,0,0,,,,
1416337905.00908,pg_catalog,pg_am,10703,10703,0,0,0,0,0,0,0,0,156,10547,0,0,,,,
1416337905.00908,pg_catalog,pg_ts_template,0,0,0,0,0,0,0,0,0,0,0,0,0,0,,,,
1416337905.00908,pg_catalog,pg_foreign_server,0,0,0,0,0,0,0,0,0,0,0,0,0,0,,,,
1416337905.00908,pg_catalog,pg_namespace,398,33432,54559,44450,0,0,0,0,0,0,224,45022,676,64716,,,,
1416337905.00908,pg_toast,pg_toast_2619,0,0,43176,144351,1560,0,1322,0,261,20,13710,56673,509,49802,,,,
1416337905.00908,pg_catalog,pg_authid,225,225,20349,20349,0,0,0,0,0,0,129,20445,618,40080,,,,
1416337905.00908,pg_catalog,pg_default_acl,0,0,1264,0,0,0,0,0,0,0,0,0,136,1128,,,,
1416337905.00908,pg_catalog,pg_shdepend,0,0,1705,316,0,0,0,0,0,0,147,169,555,1782,,,,
1416337905.00908,pg_catalog,pg_constraint,0,0,80,40,40,0,40,0,10,0,22,228,40,404,0,0,0,0
1416337905.00908,information_schema,sql_implementation_info,0,0,,,0,0,0,0,0,0,0,0,,,0,0,0,0
1416337905.00908,pg_catalog,pg_index,1363,126977,115743,164084,228,0,228,0,143,0,1417,164788,781,132241,,,,
1416337905.00908,pg_catalog,pg_ts_dict,0,0,0,0,0,0,0,0,0,0,0,0,0,0,,,,
1416337905.00908,pg_toast,pg_toast_2604,0,0,0,0,0,0,0,0,0,0,0,0,0,0,,,,
1416337905.00908,public,time_statistics,24,323,,,26,24,0,24,26,24,3,71,,,,,,
1416337905.00908,public,partsupp,7,40000000,56164,2336064,8000000,0,0,0,8000000,0,856134,3035275,38577,136442,,,,
1416337905.00908,pg_toast,pg_toast_12325,0,0,0,0,0,0,0,0,0,0,0,0,0,0,,,,
1416337905.00908,information_schema,sql_sizing,0,0,,,0,0,0,0,0,0,0,0,,,0,0,0,0
1416337905.00908,public,lineitem,17,780057144,4218292,96130314,60045669,0,0,0,60045913,0,13888260,28765826,1114948,17493785,,,,
1416337905.00908,pg_catalog,pg_proc,0,0,90040,133440,0,0,0,0,0,0,7782,89212,3841,195677,0,0,0,0
